711;74148;1;34.9900;2008-07-01 00:00:00.000
932;74149;1;24.9900;2008-07-01 00:00:00.000
873;74149;1;2.2900;2008-07-01 00:00:00.000
922;74150;1;3.9900;2008-07-01 00:00:00.000
932;74150;1;24.9900;2008-07-01 00:00:00.000
873;74150;1;2.2900;2008-07-01 00:00:00.000
878;74151;1;21.9800;2008-07-01 00:00:00.000
871;74151;1;9.9900;2008-07-01 00:00:00.000
870;74151;1;4.9900;2008-07-01 00:00:00.000
931;74152;1;21.4900;2008-07-01 00:00:00.000
922;74152;1;3.9900;2008-07-01 00:00:00.000
871;74153;1;9.9900;2008-07-01 00:00:00.000
870;74153;1;4.9900;2008-07-01 00:00:00.000
859;74154;1;24.4900;2008-07-01 00:00:00.000
712;74155;1;8.9900;2008-07-01 00:00:00.000
713;74155;1;49.9900;2008-07-01 00:00:00.000
873;74156;1;2.2900;2008-07-01 00:00:00.000
707;74157;1;34.9900;2008-07-01 00:00:00.000
922;74158;1;3.9900;2008-07-01 00:00:00.000
707;74158;1;34.9900;2008-07-01 00:00:00.000
713;74158;1;49.9900;2008-07-01 00:00:00.000
712;74158;1;8.9900;2008-07-01 00:00:00.000
931;74159;1;21.4900;2008-07-01 00:00:00.000
873;74159;1;2.2900;2008-07-01 00:00:00.000
931;74160;1;21.4900;2008-07-01 00:00:00.000
931;74161;1;21.4900;2008-07-01 00:00:00.000
922;74161;1;3.9900;2008-07-01 00:00:00.000
877;74161;1;7.9500;2008-07-01 00:00:00.000
922;74162;1;3.9900;2008-07-01 00:00:00.000
864;74162;1;63.5000;2008-07-01 00:00:00.000
933;74162;1;32.6000;2008-07-01 00:00:00.000
928;74163;1;24.9900;2008-07-01 00:00:00.000
921;74163;1;4.9900;2008-07-01 00:00:00.000
866;74163;1;63.5000;2008-07-01 00:00:00.000
708;74163;1;34.9900;2008-07-01 00:00:00.000
933;74164;1;32.6000;2008-07-01 00:00:00.000
922;74164;1;3.9900;2008-07-01 00:00:00.000
922;74165;1;3.9900;2008-07-01 00:00:00.000
933;74165;1;32.6000;2008-07-01 00:00:00.000
716;74165;1;49.9900;2008-07-01 00:00:00.000
871;74166;1;9.9900;2008-07-01 00:00:00.000
870;74166;1;4.9900;2008-07-01 00:00:00.000
708;74166;1;34.9900;2008-07-01 00:00:00.000
871;74167;1;9.9900;2008-07-01 00:00:00.000
870;74167;1;4.9900;2008-07-01 00:00:00.000
881;74167;1;53.9900;2008-07-01 00:00:00.000
868;74168;1;69.9900;2008-07-01 00:00:00.000
881;74168;1;53.9900;2008-07-01 00:00:00.000
869;74169;1;69.9900;2008-07-01 00:00:00.000
713;74169;1;49.9900;2008-07-01 00:00:00.000
870;74170;1;4.9900;2008-07-01 00:00:00.000
921;74171;1;4.9900;2008-07-01 00:00:00.000
707;74171;1;34.9900;2008-07-01 00:00:00.000
878;74172;1;21.9800;2008-07-01 00:00:00.000
715;74172;1;49.9900;2008-07-01 00:00:00.000
921;74173;1;4.9900;2008-07-01 00:00:00.000
928;74174;1;24.9900;2008-07-01 00:00:00.000
878;74175;1;21.9800;2008-07-01 00:00:00.000
921;74176;1;4.9900;2008-07-01 00:00:00.000
929;74176;1;29.9900;2008-07-01 00:00:00.000
878;74176;1;21.9800;2008-07-01 00:00:00.000
866;74176;1;63.5000;2008-07-01 00:00:00.000
870;74177;1;4.9900;2008-07-01 00:00:00.000
859;74177;1;24.4900;2008-07-01 00:00:00.000
870;74178;1;4.9900;2008-07-01 00:00:00.000
931;74179;1;21.4900;2008-07-01 00:00:00.000
873;74179;1;2.2900;2008-07-01 00:00:00.000
923;74180;1;4.9900;2008-07-01 00:00:00.000
880;74180;1;54.9900;2008-07-01 00:00:00.000
931;74181;1;21.4900;2008-07-01 00:00:00.000
922;74181;1;3.9900;2008-07-01 00:00:00.000
866;74181;1;63.5000;2008-07-01 00:00:00.000
930;74182;1;35.0000;2008-07-01 00:00:00.000
873;74182;1;2.2900;2008-07-01 00:00:00.000
877;74182;1;7.9500;2008-07-01 00:00:00.000
930;74183;1;35.0000;2008-07-01 00:00:00.000
930;74184;1;35.0000;2008-07-01 00:00:00.000
921;74184;1;4.9900;2008-07-01 00:00:00.000
711;74184;1;34.9900;2008-07-01 00:00:00.000
877;74185;1;7.9500;2008-07-02 00:00:00.000
921;74186;1;4.9900;2008-07-02 00:00:00.000
928;74186;1;24.9900;2008-07-02 00:00:00.000
931;74187;1;21.4900;2008-07-02 00:00:00.000
922;74187;1;3.9900;2008-07-02 00:00:00.000
921;74188;1;4.9900;2008-07-02 00:00:00.000
873;74188;1;2.2900;2008-07-02 00:00:00.000
868;74189;1;69.9900;2008-07-02 00:00:00.000
884;74189;1;53.9900;2008-07-02 00:00:00.000
934;74190;1;28.9900;2008-07-02 00:00:00.000
923;74190;1;4.9900;2008-07-02 00:00:00.000
880;74190;1;54.9900;2008-07-02 00:00:00.000
877;74190;1;7.9500;2008-07-02 00:00:00.000
883;74191;1;53.9900;2008-07-02 00:00:00.000
922;74192;1;3.9900;2008-07-02 00:00:00.000
873;74192;1;2.2900;2008-07-02 00:00:00.000
922;74193;1;3.9900;2008-07-02 00:00:00.000
707;74193;1;34.9900;2008-07-02 00:00:00.000
716;74194;1;49.9900;2008-07-02 00:00:00.000
934;74195;1;28.9900;2008-07-02 00:00:00.000
923;74195;1;4.9900;2008-07-02 00:00:00.000
873;74195;1;2.2900;2008-07-02 00:00:00.000
921;74196;1;4.9900;2008-07-02 00:00:00.000
928;74196;1;24.9900;2008-07-02 00:00:00.000
707;74196;1;34.9900;2008-07-02 00:00:00.000
928;74197;1;24.9900;2008-07-02 00:00:00.000
921;74197;1;4.9900;2008-07-02 00:00:00.000
708;74197;1;34.9900;2008-07-02 00:00:00.000
928;74198;1;24.9900;2008-07-02 00:00:00.000
921;74198;1;4.9900;2008-07-02 00:00:00.000
711;74198;1;34.9900;2008-07-02 00:00:00.000
929;74199;1;29.9900;2008-07-02 00:00:00.000
921;74199;1;4.9900;2008-07-02 00:00:00.000
873;74199;1;2.2900;2008-07-02 00:00:00.000
871;74200;1;9.9900;2008-07-02 00:00:00.000
712;74200;1;8.9900;2008-07-02 00:00:00.000
870;74200;1;4.9900;2008-07-02 00:00:00.000
871;74201;1;9.9900;2008-07-02 00:00:00.000
712;74201;1;8.9900;2008-07-02 00:00:00.000
870;74201;1;4.9900;2008-07-02 00:00:00.000
871;74202;1;9.9900;2008-07-02 00:00:00.000
870;74202;1;4.9900;2008-07-02 00:00:00.000
871;74203;1;9.9900;2008-07-02 00:00:00.000
870;74203;1;4.9900;2008-07-02 00:00:00.000
708;74203;1;34.9900;2008-07-02 00:00:00.000
870;74204;1;4.9900;2008-07-02 00:00:00.000
712;74204;1;8.9900;2008-07-02 00:00:00.000
870;74205;1;4.9900;2008-07-02 00:00:00.000
921;74206;1;4.9900;2008-07-02 00:00:00.000
708;74206;1;34.9900;2008-07-02 00:00:00.000
716;74206;1;49.9900;2008-07-02 00:00:00.000
922;74207;1;3.9900;2008-07-02 00:00:00.000
933;74207;1;32.6000;2008-07-02 00:00:00.000
880;74207;1;54.9900;2008-07-02 00:00:00.000
929;74208;1;29.9900;2008-07-02 00:00:00.000
873;74208;1;2.2900;2008-07-02 00:00:00.000
922;74209;1;3.9900;2008-07-02 00:00:00.000
707;74209;1;34.9900;2008-07-02 00:00:00.000
934;74210;1;28.9900;2008-07-02 00:00:00.000
923;74210;1;4.9900;2008-07-02 00:00:00.000
872;74210;1;8.9900;2008-07-02 00:00:00.000
870;74210;1;4.9900;2008-07-02 00:00:00.000
923;74211;1;4.9900;2008-07-02 00:00:00.000
711;74211;1;34.9900;2008-07-02 00:00:00.000
930;74212;1;35.0000;2008-07-02 00:00:00.000
878;74212;1;21.9800;2008-07-02 00:00:00.000
871;74212;1;9.9900;2008-07-02 00:00:00.000
870;74212;1;4.9900;2008-07-02 00:00:00.000
923;74213;1;4.9900;2008-07-02 00:00:00.000
873;74213;1;2.2900;2008-07-02 00:00:00.000
930;74214;1;35.0000;2008-07-02 00:00:00.000
873;74214;1;2.2900;2008-07-02 00:00:00.000
878;74215;1;21.9800;2008-07-02 00:00:00.000
870;74215;1;4.9900;2008-07-02 00:00:00.000
871;74215;1;9.9900;2008-07-02 00:00:00.000
712;74215;1;8.9900;2008-07-02 00:00:00.000
883;74215;1;53.9900;2008-07-02 00:00:00.000
878;74216;1;21.9800;2008-07-02 00:00:00.000
871;74216;1;9.9900;2008-07-02 00:00:00.000
870;74216;1;4.9900;2008-07-02 00:00:00.000
711;74216;1;34.9900;2008-07-02 00:00:00.000
712;74217;1;8.9900;2008-07-02 00:00:00.000
711;74218;1;34.9900;2008-07-02 00:00:00.000
878;74219;1;21.9800;2008-07-03 00:00:00.000
711;74219;1;34.9900;2008-07-03 00:00:00.000
860;74219;1;24.4900;2008-07-03 00:00:00.000
930;74220;1;35.0000;2008-07-03 00:00:00.000
930;74221;1;35.0000;2008-07-03 00:00:00.000
921;74221;1;4.9900;2008-07-03 00:00:00.000
931;74222;1;21.4900;2008-07-03 00:00:00.000
873;74222;1;2.2900;2008-07-03 00:00:00.000
871;74223;1;9.9900;2008-07-03 00:00:00.000
712;74223;1;8.9900;2008-07-03 00:00:00.000
870;74223;1;4.9900;2008-07-03 00:00:00.000
877;74224;1;7.9500;2008-07-03 00:00:00.000
712;74225;1;8.9900;2008-07-03 00:00:00.000
923;74226;1;4.9900;2008-07-03 00:00:00.000
880;74226;1;54.9900;2008-07-03 00:00:00.000
713;74226;1;49.9900;2008-07-03 00:00:00.000
932;74227;1;24.9900;2008-07-03 00:00:00.000
713;74227;1;49.9900;2008-07-03 00:00:00.000
871;74228;1;9.9900;2008-07-03 00:00:00.000
870;74228;1;4.9900;2008-07-03 00:00:00.000
708;74228;1;34.9900;2008-07-03 00:00:00.000
869;74229;1;69.9900;2008-07-03 00:00:00.000
716;74229;1;49.9900;2008-07-03 00:00:00.000
870;74230;1;4.9900;2008-07-03 00:00:00.000
870;74231;1;4.9900;2008-07-03 00:00:00.000
884;74231;1;53.9900;2008-07-03 00:00:00.000
921;74232;1;4.9900;2008-07-03 00:00:00.000
708;74232;1;34.9900;2008-07-03 00:00:00.000
878;74233;1;21.9800;2008-07-03 00:00:00.000
878;74234;1;21.9800;2008-07-03 00:00:00.000
871;74234;1;9.9900;2008-07-03 00:00:00.000
870;74234;1;4.9900;2008-07-03 00:00:00.000
711;74234;1;34.9900;2008-07-03 00:00:00.000
921;74235;1;4.9900;2008-07-03 00:00:00.000
708;74235;1;34.9900;2008-07-03 00:00:00.000
921;74236;1;4.9900;2008-07-03 00:00:00.000
873;74236;1;2.2900;2008-07-03 00:00:00.000
921;74237;1;4.9900;2008-07-03 00:00:00.000
930;74237;1;35.0000;2008-07-03 00:00:00.000
711;74237;1;34.9900;2008-07-03 00:00:00.000
712;74237;1;8.9900;2008-07-03 00:00:00.000
930;74238;1;35.0000;2008-07-03 00:00:00.000
868;74239;1;69.9900;2008-07-03 00:00:00.000
932;74240;1;24.9900;2008-07-03 00:00:00.000
873;74240;1;2.2900;2008-07-03 00:00:00.000
929;74241;1;29.9900;2008-07-03 00:00:00.000
873;74241;1;2.2900;2008-07-03 00:00:00.000
921;74242;1;4.9900;2008-07-03 00:00:00.000
929;74242;1;29.9900;2008-07-03 00:00:00.000
711;74242;1;34.9900;2008-07-03 00:00:00.000
922;74243;1;3.9900;2008-07-03 00:00:00.000
873;74243;1;2.2900;2008-07-03 00:00:00.000
934;74244;1;28.9900;2008-07-03 00:00:00.000
923;74244;1;4.9900;2008-07-03 00:00:00.000
708;74244;1;34.9900;2008-07-03 00:00:00.000
930;74245;1;35.0000;2008-07-03 00:00:00.000
878;74245;1;21.9800;2008-07-03 00:00:00.000
707;74245;1;34.9900;2008-07-03 00:00:00.000
864;74245;1;63.5000;2008-07-03 00:00:00.000
930;74246;1;35.0000;2008-07-03 00:00:00.000
921;74246;1;4.9900;2008-07-03 00:00:00.000
930;74247;1;35.0000;2008-07-03 00:00:00.000
921;74247;1;4.9900;2008-07-03 00:00:00.000
711;74247;1;34.9900;2008-07-03 00:00:00.000
713;74247;1;49.9900;2008-07-03 00:00:00.000
930;74248;1;35.0000;2008-07-03 00:00:00.000
873;74248;1;2.2900;2008-07-03 00:00:00.000
878;74249;1;21.9800;2008-07-03 00:00:00.000
873;74249;1;2.2900;2008-07-03 00:00:00.000
878;74250;1;21.9800;2008-07-03 00:00:00.000
708;74250;1;34.9900;2008-07-03 00:00:00.000
716;74250;1;49.9900;2008-07-03 00:00:00.000
712;74250;1;8.9900;2008-07-03 00:00:00.000
930;74251;1;35.0000;2008-07-03 00:00:00.000
921;74251;1;4.9900;2008-07-03 00:00:00.000
708;74251;1;34.9900;2008-07-03 00:00:00.000
712;74252;1;8.9900;2008-07-03 00:00:00.000
928;74253;1;24.9900;2008-07-04 00:00:00.000
921;74253;1;4.9900;2008-07-04 00:00:00.000
711;74253;1;34.9900;2008-07-04 00:00:00.000
928;74254;1;24.9900;2008-07-04 00:00:00.000
932;74255;1;24.9900;2008-07-04 00:00:00.000
929;74256;1;29.9900;2008-07-04 00:00:00.000
921;74256;1;4.9900;2008-07-04 00:00:00.000
878;74257;1;21.9800;2008-07-04 00:00:00.000
878;74258;1;21.9800;2008-07-04 00:00:00.000
873;74258;1;2.2900;2008-07-04 00:00:00.000
869;74259;1;69.9900;2008-07-04 00:00:00.000
882;74259;1;53.9900;2008-07-04 00:00:00.000
934;74260;1;28.9900;2008-07-04 00:00:00.000
923;74260;1;4.9900;2008-07-04 00:00:00.000
873;74260;1;2.2900;2008-07-04 00:00:00.000
711;74261;1;34.9900;2008-07-04 00:00:00.000
923;74262;1;4.9900;2008-07-04 00:00:00.000
873;74262;1;2.2900;2008-07-04 00:00:00.000
933;74263;1;32.6000;2008-07-04 00:00:00.000
876;74263;1;120.0000;2008-07-04 00:00:00.000
929;74264;1;29.9900;2008-07-04 00:00:00.000
873;74264;1;2.2900;2008-07-04 00:00:00.000
921;74265;1;4.9900;2008-07-04 00:00:00.000
929;74265;1;29.9900;2008-07-04 00:00:00.000
873;74265;1;2.2900;2008-07-04 00:00:00.000
877;74265;1;7.9500;2008-07-04 00:00:00.000
868;74266;1;69.9900;2008-07-04 00:00:00.000
870;74267;1;4.9900;2008-07-04 00:00:00.000
708;74267;1;34.9900;2008-07-04 00:00:00.000
713;74267;1;49.9900;2008-07-04 00:00:00.000
712;74267;1;8.9900;2008-07-04 00:00:00.000
921;74268;1;4.9900;2008-07-04 00:00:00.000
873;74268;1;2.2900;2008-07-04 00:00:00.000
868;74269;1;69.9900;2008-07-04 00:00:00.000
884;74269;1;53.9900;2008-07-04 00:00:00.000
870;74270;1;4.9900;2008-07-04 00:00:00.000
859;74270;1;24.4900;2008-07-04 00:00:00.000
922;74271;1;3.9900;2008-07-04 00:00:00.000
708;74271;1;34.9900;2008-07-04 00:00:00.000
712;74271;1;8.9900;2008-07-04 00:00:00.000
930;74272;1;35.0000;2008-07-04 00:00:00.000
921;74272;1;4.9900;2008-07-04 00:00:00.000
707;74272;1;34.9900;2008-07-04 00:00:00.000
923;74273;1;4.9900;2008-07-04 00:00:00.000
859;74273;1;24.4900;2008-07-04 00:00:00.000
923;74274;1;4.9900;2008-07-04 00:00:00.000
880;74274;1;54.9900;2008-07-04 00:00:00.000
858;74274;1;24.4900;2008-07-04 00:00:00.000
870;74275;1;4.9900;2008-07-04 00:00:00.000
872;74275;1;8.9900;2008-07-04 00:00:00.000
707;74275;1;34.9900;2008-07-04 00:00:00.000
878;74276;1;21.9800;2008-07-04 00:00:00.000
711;74276;1;34.9900;2008-07-04 00:00:00.000
878;74277;1;21.9800;2008-07-05 00:00:00.000
860;74277;1;24.4900;2008-07-05 00:00:00.000
868;74278;1;69.9900;2008-07-05 00:00:00.000
883;74278;1;53.9900;2008-07-05 00:00:00.000
870;74279;1;4.9900;2008-07-05 00:00:00.000
871;74279;1;9.9900;2008-07-05 00:00:00.000
866;74279;1;63.5000;2008-07-05 00:00:00.000
877;74280;1;7.9500;2008-07-05 00:00:00.000
922;74281;1;3.9900;2008-07-05 00:00:00.000
934;74282;1;28.9900;2008-07-05 00:00:00.000
923;74282;1;4.9900;2008-07-05 00:00:00.000
858;74282;1;24.4900;2008-07-05 00:00:00.000
932;74283;1;24.9900;2008-07-05 00:00:00.000
873;74283;1;2.2900;2008-07-05 00:00:00.000
928;74284;1;24.9900;2008-07-05 00:00:00.000
873;74284;1;2.2900;2008-07-05 00:00:00.000
877;74284;1;7.9500;2008-07-05 00:00:00.000
921;74285;1;4.9900;2008-07-05 00:00:00.000
929;74285;1;29.9900;2008-07-05 00:00:00.000
873;74285;1;2.2900;2008-07-05 00:00:00.000
871;74286;1;9.9900;2008-07-05 00:00:00.000
870;74286;1;4.9900;2008-07-05 00:00:00.000
714;74286;1;49.9900;2008-07-05 00:00:00.000
921;74287;1;4.9900;2008-07-05 00:00:00.000
929;74287;1;29.9900;2008-07-05 00:00:00.000
711;74287;1;34.9900;2008-07-05 00:00:00.000
716;74287;1;49.9900;2008-07-05 00:00:00.000
871;74288;1;9.9900;2008-07-05 00:00:00.000
870;74288;1;4.9900;2008-07-05 00:00:00.000
858;74288;1;24.4900;2008-07-05 00:00:00.000
870;74289;1;4.9900;2008-07-05 00:00:00.000
871;74289;1;9.9900;2008-07-05 00:00:00.000
869;74290;1;69.9900;2008-07-05 00:00:00.000
716;74290;1;49.9900;2008-07-05 00:00:00.000
870;74291;1;4.9900;2008-07-05 00:00:00.000
866;74291;1;63.5000;2008-07-05 00:00:00.000
921;74292;1;4.9900;2008-07-05 00:00:00.000
873;74292;1;2.2900;2008-07-05 00:00:00.000
921;74293;1;4.9900;2008-07-05 00:00:00.000
711;74293;1;34.9900;2008-07-05 00:00:00.000
713;74293;1;49.9900;2008-07-05 00:00:00.000
870;74294;1;4.9900;2008-07-05 00:00:00.000
878;74295;1;21.9800;2008-07-05 00:00:00.000
921;74296;1;4.9900;2008-07-05 00:00:00.000
921;74297;1;4.9900;2008-07-05 00:00:00.000
930;74298;1;35.0000;2008-07-05 00:00:00.000
921;74298;1;4.9900;2008-07-05 00:00:00.000
921;74299;1;4.9900;2008-07-05 00:00:00.000
930;74299;1;35.0000;2008-07-05 00:00:00.000
873;74299;1;2.2900;2008-07-05 00:00:00.000
878;74300;1;21.9800;2008-07-05 00:00:00.000
708;74300;1;34.9900;2008-07-05 00:00:00.000
931;74301;1;21.4900;2008-07-05 00:00:00.000
922;74301;1;3.9900;2008-07-05 00:00:00.000
874;74301;1;8.9900;2008-07-05 00:00:00.000
931;74302;1;21.4900;2008-07-05 00:00:00.000
873;74302;1;2.2900;2008-07-05 00:00:00.000
870;74303;1;4.9900;2008-07-05 00:00:00.000
712;74303;1;8.9900;2008-07-05 00:00:00.000
870;74304;1;4.9900;2008-07-05 00:00:00.000
934;74305;1;28.9900;2008-07-05 00:00:00.000
923;74305;1;4.9900;2008-07-05 00:00:00.000
872;74306;1;8.9900;2008-07-06 00:00:00.000
870;74306;1;4.9900;2008-07-06 00:00:00.000
864;74306;1;63.5000;2008-07-06 00:00:00.000
932;74307;1;24.9900;2008-07-06 00:00:00.000
929;74308;1;29.9900;2008-07-06 00:00:00.000
921;74308;1;4.9900;2008-07-06 00:00:00.000
878;74308;1;21.9800;2008-07-06 00:00:00.000
881;74308;1;53.9900;2008-07-06 00:00:00.000
878;74309;1;21.9800;2008-07-06 00:00:00.000
879;74310;1;159.0000;2008-07-06 00:00:00.000
923;74311;1;4.9900;2008-07-06 00:00:00.000
708;74311;1;34.9900;2008-07-06 00:00:00.000
923;74312;1;4.9900;2008-07-06 00:00:00.000
934;74312;1;28.9900;2008-07-06 00:00:00.000
880;74312;1;54.9900;2008-07-06 00:00:00.000
934;74313;1;28.9900;2008-07-06 00:00:00.000
923;74313;1;4.9900;2008-07-06 00:00:00.000
707;74313;1;34.9900;2008-07-06 00:00:00.000
928;74314;1;24.9900;2008-07-06 00:00:00.000
934;74315;1;28.9900;2008-07-06 00:00:00.000
923;74315;1;4.9900;2008-07-06 00:00:00.000
707;74315;1;34.9900;2008-07-06 00:00:00.000
933;74316;1;32.6000;2008-07-06 00:00:00.000
922;74316;1;3.9900;2008-07-06 00:00:00.000
873;74316;1;2.2900;2008-07-06 00:00:00.000
929;74317;1;29.9900;2008-07-06 00:00:00.000
921;74317;1;4.9900;2008-07-06 00:00:00.000
873;74317;1;2.2900;2008-07-06 00:00:00.000
868;74318;1;69.9900;2008-07-06 00:00:00.000
712;74318;1;8.9900;2008-07-06 00:00:00.000
884;74318;1;53.9900;2008-07-06 00:00:00.000
870;74319;1;4.9900;2008-07-06 00:00:00.000
707;74319;1;34.9900;2008-07-06 00:00:00.000
864;74319;1;63.5000;2008-07-06 00:00:00.000
869;74320;1;69.9900;2008-07-06 00:00:00.000
714;74320;1;49.9900;2008-07-06 00:00:00.000
712;74320;1;8.9900;2008-07-06 00:00:00.000
870;74321;1;4.9900;2008-07-06 00:00:00.000
708;74321;1;34.9900;2008-07-06 00:00:00.000
870;74322;1;4.9900;2008-07-06 00:00:00.000
712;74322;1;8.9900;2008-07-06 00:00:00.000
870;74323;1;4.9900;2008-07-06 00:00:00.000
711;74323;1;34.9900;2008-07-06 00:00:00.000
921;74324;1;4.9900;2008-07-06 00:00:00.000
921;74325;1;4.9900;2008-07-06 00:00:00.000
707;74325;1;34.9900;2008-07-06 00:00:00.000
859;74325;1;24.4900;2008-07-06 00:00:00.000
921;74326;1;4.9900;2008-07-06 00:00:00.000
880;74326;1;54.9900;2008-07-06 00:00:00.000
921;74327;1;4.9900;2008-07-06 00:00:00.000
707;74327;1;34.9900;2008-07-06 00:00:00.000
921;74328;1;4.9900;2008-07-06 00:00:00.000
929;74328;1;29.9900;2008-07-06 00:00:00.000
873;74328;1;2.2900;2008-07-06 00:00:00.000
871;74329;1;9.9900;2008-07-06 00:00:00.000
707;74329;1;34.9900;2008-07-06 00:00:00.000
929;74330;1;29.9900;2008-07-06 00:00:00.000
873;74330;1;2.2900;2008-07-06 00:00:00.000
922;74331;1;3.9900;2008-07-06 00:00:00.000
931;74332;1;21.4900;2008-07-06 00:00:00.000
922;74332;1;3.9900;2008-07-06 00:00:00.000
708;74332;1;34.9900;2008-07-06 00:00:00.000
923;74333;1;4.9900;2008-07-06 00:00:00.000
921;74334;1;4.9900;2008-07-06 00:00:00.000
930;74334;1;35.0000;2008-07-06 00:00:00.000
708;74334;1;34.9900;2008-07-06 00:00:00.000
859;74334;1;24.4900;2008-07-06 00:00:00.000
930;74335;1;35.0000;2008-07-06 00:00:00.000
921;74335;1;4.9900;2008-07-06 00:00:00.000
928;74336;1;24.9900;2008-07-07 00:00:00.000
870;74337;1;4.9900;2008-07-07 00:00:00.000
865;74337;1;63.5000;2008-07-07 00:00:00.000
922;74338;1;3.9900;2008-07-07 00:00:00.000
933;74338;1;32.6000;2008-07-07 00:00:00.000
714;74339;1;49.9900;2008-07-07 00:00:00.000
923;74340;1;4.9900;2008-07-07 00:00:00.000
934;74340;1;28.9900;2008-07-07 00:00:00.000
708;74340;1;34.9900;2008-07-07 00:00:00.000
859;74340;1;24.4900;2008-07-07 00:00:00.000
873;74341;1;2.2900;2008-07-07 00:00:00.000
884;74342;1;53.9900;2008-07-07 00:00:00.000
934;74343;1;28.9900;2008-07-07 00:00:00.000
923;74343;1;4.9900;2008-07-07 00:00:00.000
873;74343;1;2.2900;2008-07-07 00:00:00.000
933;74344;1;32.6000;2008-07-07 00:00:00.000
928;74345;1;24.9900;2008-07-07 00:00:00.000
921;74345;1;4.9900;2008-07-07 00:00:00.000
928;74346;1;24.9900;2008-07-07 00:00:00.000
928;74347;1;24.9900;2008-07-07 00:00:00.000
873;74347;1;2.2900;2008-07-07 00:00:00.000
921;74348;1;4.9900;2008-07-07 00:00:00.000
929;74348;1;29.9900;2008-07-07 00:00:00.000
921;74349;1;4.9900;2008-07-07 00:00:00.000
929;74349;1;29.9900;2008-07-07 00:00:00.000
878;74349;1;21.9800;2008-07-07 00:00:00.000
871;74349;1;9.9900;2008-07-07 00:00:00.000
870;74349;1;4.9900;2008-07-07 00:00:00.000
711;74349;1;34.9900;2008-07-07 00:00:00.000
922;74350;1;3.9900;2008-07-07 00:00:00.000
933;74350;1;32.6000;2008-07-07 00:00:00.000
870;74351;1;4.9900;2008-07-07 00:00:00.000
870;74352;1;4.9900;2008-07-07 00:00:00.000
716;74352;1;49.9900;2008-07-07 00:00:00.000
858;74352;1;24.4900;2008-07-07 00:00:00.000
878;74353;1;21.9800;2008-07-07 00:00:00.000
865;74353;1;63.5000;2008-07-07 00:00:00.000
878;74354;1;21.9800;2008-07-07 00:00:00.000
921;74355;1;4.9900;2008-07-07 00:00:00.000
708;74355;1;34.9900;2008-07-07 00:00:00.000
712;74355;1;8.9900;2008-07-07 00:00:00.000
922;74356;1;3.9900;2008-07-07 00:00:00.000
932;74356;1;24.9900;2008-07-07 00:00:00.000
711;74356;1;34.9900;2008-07-07 00:00:00.000
712;74356;1;8.9900;2008-07-07 00:00:00.000
932;74357;1;24.9900;2008-07-07 00:00:00.000
873;74357;1;2.2900;2008-07-07 00:00:00.000
921;74358;1;4.9900;2008-07-07 00:00:00.000
929;74358;1;29.9900;2008-07-07 00:00:00.000
873;74358;1;2.2900;2008-07-07 00:00:00.000
870;74359;1;4.9900;2008-07-07 00:00:00.000
866;74359;1;63.5000;2008-07-07 00:00:00.000
923;74360;1;4.9900;2008-07-07 00:00:00.000
712;74360;1;8.9900;2008-07-07 00:00:00.000
934;74360;1;28.9900;2008-07-07 00:00:00.000
923;74361;1;4.9900;2008-07-07 00:00:00.000
707;74361;1;34.9900;2008-07-07 00:00:00.000
930;74362;1;35.0000;2008-07-07 00:00:00.000
873;74362;1;2.2900;2008-07-07 00:00:00.000
878;74363;1;21.9800;2008-07-07 00:00:00.000
708;74363;1;34.9900;2008-07-07 00:00:00.000
708;74364;1;34.9900;2008-07-07 00:00:00.000
932;74365;1;24.9900;2008-07-08 00:00:00.000
922;74365;1;3.9900;2008-07-08 00:00:00.000
711;74365;1;34.9900;2008-07-08 00:00:00.000
932;74366;1;24.9900;2008-07-08 00:00:00.000
873;74366;1;2.2900;2008-07-08 00:00:00.000
929;74367;1;29.9900;2008-07-08 00:00:00.000
921;74367;1;4.9900;2008-07-08 00:00:00.000
878;74367;1;21.9800;2008-07-08 00:00:00.000
873;74367;1;2.2900;2008-07-08 00:00:00.000
929;74368;1;29.9900;2008-07-08 00:00:00.000
870;74369;1;4.9900;2008-07-08 00:00:00.000
708;74369;1;34.9900;2008-07-08 00:00:00.000
715;74370;1;49.9900;2008-07-08 00:00:00.000
880;74371;1;54.9900;2008-07-08 00:00:00.000
882;74372;1;53.9900;2008-07-08 00:00:00.000
707;74373;1;34.9900;2008-07-08 00:00:00.000
882;74374;1;53.9900;2008-07-08 00:00:00.000
873;74375;1;2.2900;2008-07-08 00:00:00.000
873;74376;1;2.2900;2008-07-08 00:00:00.000
922;74377;1;3.9900;2008-07-08 00:00:00.000
711;74377;1;34.9900;2008-07-08 00:00:00.000
859;74377;1;24.4900;2008-07-08 00:00:00.000
922;74378;1;3.9900;2008-07-08 00:00:00.000
932;74378;1;24.9900;2008-07-08 00:00:00.000
707;74378;1;34.9900;2008-07-08 00:00:00.000
922;74379;1;3.9900;2008-07-08 00:00:00.000
708;74379;1;34.9900;2008-07-08 00:00:00.000
934;74380;1;28.9900;2008-07-08 00:00:00.000
923;74381;1;4.9900;2008-07-08 00:00:00.000
712;74381;1;8.9900;2008-07-08 00:00:00.000
934;74381;1;28.9900;2008-07-08 00:00:00.000
928;74382;1;24.9900;2008-07-08 00:00:00.000
922;74383;1;3.9900;2008-07-08 00:00:00.000
933;74383;1;32.6000;2008-07-08 00:00:00.000
922;74384;1;3.9900;2008-07-08 00:00:00.000
933;74384;1;32.6000;2008-07-08 00:00:00.000
711;74384;1;34.9900;2008-07-08 00:00:00.000
922;74385;1;3.9900;2008-07-08 00:00:00.000
933;74385;1;32.6000;2008-07-08 00:00:00.000
928;74386;1;24.9900;2008-07-08 00:00:00.000
921;74386;1;4.9900;2008-07-08 00:00:00.000
873;74386;1;2.2900;2008-07-08 00:00:00.000
929;74387;1;29.9900;2008-07-08 00:00:00.000
921;74387;1;4.9900;2008-07-08 00:00:00.000
711;74387;1;34.9900;2008-07-08 00:00:00.000
871;74388;1;9.9900;2008-07-08 00:00:00.000
708;74388;1;34.9900;2008-07-08 00:00:00.000
883;74388;1;53.9900;2008-07-08 00:00:00.000
871;74389;1;9.9900;2008-07-08 00:00:00.000
870;74389;1;4.9900;2008-07-08 00:00:00.000
871;74390;1;9.9900;2008-07-08 00:00:00.000
712;74390;1;8.9900;2008-07-08 00:00:00.000
870;74390;1;4.9900;2008-07-08 00:00:00.000
868;74391;1;69.9900;2008-07-08 00:00:00.000
712;74391;1;8.9900;2008-07-08 00:00:00.000
716;74391;1;49.9900;2008-07-08 00:00:00.000
870;74392;1;4.9900;2008-07-08 00:00:00.000
711;74392;1;34.9900;2008-07-08 00:00:00.000
870;74393;1;4.9900;2008-07-08 00:00:00.000
882;74393;1;53.9900;2008-07-08 00:00:00.000
870;74394;1;4.9900;2008-07-08 00:00:00.000
711;74394;1;34.9900;2008-07-08 00:00:00.000
874;74394;1;8.9900;2008-07-08 00:00:00.000
921;74395;1;4.9900;2008-07-08 00:00:00.000
707;74395;1;34.9900;2008-07-08 00:00:00.000
921;74396;1;4.9900;2008-07-08 00:00:00.000
708;74396;1;34.9900;2008-07-08 00:00:00.000
921;74397;1;4.9900;2008-07-08 00:00:00.000
708;74397;1;34.9900;2008-07-08 00:00:00.000
715;74397;1;49.9900;2008-07-08 00:00:00.000
878;74398;1;21.9800;2008-07-08 00:00:00.000
878;74399;1;21.9800;2008-07-08 00:00:00.000
871;74399;1;9.9900;2008-07-08 00:00:00.000
870;74399;1;4.9900;2008-07-08 00:00:00.000
707;74399;1;34.9900;2008-07-08 00:00:00.000
716;74399;1;49.9900;2008-07-08 00:00:00.000
858;74399;1;24.4900;2008-07-08 00:00:00.000
933;74400;1;32.6000;2008-07-08 00:00:00.000
922;74400;1;3.9900;2008-07-08 00:00:00.000
864;74400;1;63.5000;2008-07-08 00:00:00.000
933;74401;1;32.6000;2008-07-08 00:00:00.000
922;74401;1;3.9900;2008-07-08 00:00:00.000
873;74401;1;2.2900;2008-07-08 00:00:00.000
870;74402;1;4.9900;2008-07-08 00:00:00.000
707;74402;1;34.9900;2008-07-08 00:00:00.000
929;74403;1;29.9900;2008-07-08 00:00:00.000
921;74403;1;4.9900;2008-07-08 00:00:00.000
708;74403;1;34.9900;2008-07-08 00:00:00.000
715;74403;1;49.9900;2008-07-08 00:00:00.000
922;74404;1;3.9900;2008-07-08 00:00:00.000
874;74404;1;8.9900;2008-07-08 00:00:00.000
922;74405;1;3.9900;2008-07-08 00:00:00.000
922;74406;1;3.9900;2008-07-08 00:00:00.000
931;74406;1;21.4900;2008-07-08 00:00:00.000
711;74406;1;34.9900;2008-07-08 00:00:00.000
712;74406;1;8.9900;2008-07-08 00:00:00.000
923;74407;1;4.9900;2008-07-08 00:00:00.000
873;74407;1;2.2900;2008-07-08 00:00:00.000
934;74408;1;28.9900;2008-07-08 00:00:00.000
923;74408;1;4.9900;2008-07-08 00:00:00.000
873;74408;1;2.2900;2008-07-08 00:00:00.000
923;74409;1;4.9900;2008-07-08 00:00:00.000
714;74409;1;49.9900;2008-07-08 00:00:00.000
930;74410;1;35.0000;2008-07-08 00:00:00.000
921;74410;1;4.9900;2008-07-08 00:00:00.000
921;74411;1;4.9900;2008-07-08 00:00:00.000
930;74411;1;35.0000;2008-07-08 00:00:00.000
873;74411;1;2.2900;2008-07-08 00:00:00.000
878;74412;1;21.9800;2008-07-08 00:00:00.000
714;74412;1;49.9900;2008-07-08 00:00:00.000
930;74413;1;35.0000;2008-07-08 00:00:00.000
878;74413;1;21.9800;2008-07-08 00:00:00.000
873;74413;1;2.2900;2008-07-08 00:00:00.000
878;74414;1;21.9800;2008-07-08 00:00:00.000
707;74414;1;34.9900;2008-07-08 00:00:00.000
711;74415;1;34.9900;2008-07-08 00:00:00.000
712;74416;1;8.9900;2008-07-09 00:00:00.000
921;74417;1;4.9900;2008-07-09 00:00:00.000
928;74417;1;24.9900;2008-07-09 00:00:00.000
873;74417;1;2.2900;2008-07-09 00:00:00.000
931;74418;1;21.4900;2008-07-09 00:00:00.000
873;74418;1;2.2900;2008-07-09 00:00:00.000
871;74419;1;9.9900;2008-07-09 00:00:00.000
870;74419;1;4.9900;2008-07-09 00:00:00.000
711;74419;1;34.9900;2008-07-09 00:00:00.000
707;74420;1;34.9900;2008-07-09 00:00:00.000
872;74421;1;8.9900;2008-07-09 00:00:00.000
870;74421;1;4.9900;2008-07-09 00:00:00.000
874;74421;1;8.9900;2008-07-09 00:00:00.000
922;74422;1;3.9900;2008-07-09 00:00:00.000
708;74422;1;34.9900;2008-07-09 00:00:00.000
932;74423;1;24.9900;2008-07-09 00:00:00.000
922;74423;1;3.9900;2008-07-09 00:00:00.000
873;74423;1;2.2900;2008-07-09 00:00:00.000
931;74424;1;21.4900;2008-07-09 00:00:00.000
928;74425;1;24.9900;2008-07-09 00:00:00.000
859;74425;1;24.4900;2008-07-09 00:00:00.000
931;74426;1;21.4900;2008-07-09 00:00:00.000
922;74426;1;3.9900;2008-07-09 00:00:00.000
933;74427;1;32.6000;2008-07-09 00:00:00.000
933;74428;1;32.6000;2008-07-09 00:00:00.000
873;74428;1;2.2900;2008-07-09 00:00:00.000
921;74429;1;4.9900;2008-07-09 00:00:00.000
929;74429;1;29.9900;2008-07-09 00:00:00.000
711;74429;1;34.9900;2008-07-09 00:00:00.000
871;74430;1;9.9900;2008-07-09 00:00:00.000
870;74430;1;4.9900;2008-07-09 00:00:00.000
871;74431;1;9.9900;2008-07-09 00:00:00.000
870;74431;1;4.9900;2008-07-09 00:00:00.000
871;74432;1;9.9900;2008-07-09 00:00:00.000
921;74433;1;4.9900;2008-07-09 00:00:00.000
878;74434;1;21.9800;2008-07-09 00:00:00.000
708;74434;1;34.9900;2008-07-09 00:00:00.000
713;74434;1;49.9900;2008-07-09 00:00:00.000
921;74435;1;4.9900;2008-07-09 00:00:00.000
930;74435;1;35.0000;2008-07-09 00:00:00.000
711;74435;1;34.9900;2008-07-09 00:00:00.000
714;74435;1;49.9900;2008-07-09 00:00:00.000
858;74435;1;24.4900;2008-07-09 00:00:00.000
934;74436;1;28.9900;2008-07-09 00:00:00.000
923;74436;1;4.9900;2008-07-09 00:00:00.000
711;74436;1;34.9900;2008-07-09 00:00:00.000
923;74437;1;4.9900;2008-07-09 00:00:00.000
873;74437;1;2.2900;2008-07-09 00:00:00.000
877;74437;1;7.9500;2008-07-09 00:00:00.000
923;74438;1;4.9900;2008-07-09 00:00:00.000
708;74438;1;34.9900;2008-07-09 00:00:00.000
878;74439;1;21.9800;2008-07-09 00:00:00.000
880;74439;1;54.9900;2008-07-09 00:00:00.000
878;74440;1;21.9800;2008-07-09 00:00:00.000
875;74440;1;8.9900;2008-07-09 00:00:00.000
711;74441;1;34.9900;2008-07-09 00:00:00.000
931;74442;1;21.4900;2008-07-10 00:00:00.000
922;74442;1;3.9900;2008-07-10 00:00:00.000
711;74442;1;34.9900;2008-07-10 00:00:00.000
870;74443;1;4.9900;2008-07-10 00:00:00.000
872;74443;1;8.9900;2008-07-10 00:00:00.000
708;74443;1;34.9900;2008-07-10 00:00:00.000
866;74443;1;63.5000;2008-07-10 00:00:00.000
922;74444;1;3.9900;2008-07-10 00:00:00.000
922;74445;1;3.9900;2008-07-10 00:00:00.000
931;74445;1;21.4900;2008-07-10 00:00:00.000
873;74445;1;2.2900;2008-07-10 00:00:00.000
928;74446;1;24.9900;2008-07-10 00:00:00.000
873;74446;1;2.2900;2008-07-10 00:00:00.000
931;74447;1;21.4900;2008-07-10 00:00:00.000
922;74447;1;3.9900;2008-07-10 00:00:00.000
928;74448;1;24.9900;2008-07-10 00:00:00.000
921;74448;1;4.9900;2008-07-10 00:00:00.000
873;74448;1;2.2900;2008-07-10 00:00:00.000
929;74449;1;29.9900;2008-07-10 00:00:00.000
921;74449;1;4.9900;2008-07-10 00:00:00.000
933;74450;1;32.6000;2008-07-10 00:00:00.000
922;74450;1;3.9900;2008-07-10 00:00:00.000
858;74450;1;24.4900;2008-07-10 00:00:00.000
933;74451;1;32.6000;2008-07-10 00:00:00.000
922;74451;1;3.9900;2008-07-10 00:00:00.000
707;74451;1;34.9900;2008-07-10 00:00:00.000
921;74452;1;4.9900;2008-07-10 00:00:00.000
929;74452;1;29.9900;2008-07-10 00:00:00.000
873;74452;1;2.2900;2008-07-10 00:00:00.000
870;74453;1;4.9900;2008-07-10 00:00:00.000
871;74453;1;9.9900;2008-07-10 00:00:00.000
869;74454;1;69.9900;2008-07-10 00:00:00.000
869;74455;1;69.9900;2008-07-10 00:00:00.000
921;74456;1;4.9900;2008-07-10 00:00:00.000
873;74456;1;2.2900;2008-07-10 00:00:00.000
876;74456;1;120.0000;2008-07-10 00:00:00.000
878;74457;1;21.9800;2008-07-10 00:00:00.000
875;74457;1;8.9900;2008-07-10 00:00:00.000
878;74458;1;21.9800;2008-07-10 00:00:00.000
711;74458;1;34.9900;2008-07-10 00:00:00.000
921;74459;1;4.9900;2008-07-10 00:00:00.000
930;74459;1;35.0000;2008-07-10 00:00:00.000
878;74459;1;21.9800;2008-07-10 00:00:00.000
858;74459;1;24.4900;2008-07-10 00:00:00.000
922;74460;1;3.9900;2008-07-10 00:00:00.000
933;74460;1;32.6000;2008-07-10 00:00:00.000
922;74461;1;3.9900;2008-07-10 00:00:00.000
873;74461;1;2.2900;2008-07-10 00:00:00.000
923;74462;1;4.9900;2008-07-10 00:00:00.000
934;74462;1;28.9900;2008-07-10 00:00:00.000
711;74462;1;34.9900;2008-07-10 00:00:00.000
934;74463;1;28.9900;2008-07-10 00:00:00.000
923;74463;1;4.9900;2008-07-10 00:00:00.000
873;74463;1;2.2900;2008-07-10 00:00:00.000
930;74464;1;35.0000;2008-07-10 00:00:00.000
873;74464;1;2.2900;2008-07-10 00:00:00.000
921;74465;1;4.9900;2008-07-10 00:00:00.000
930;74465;1;35.0000;2008-07-10 00:00:00.000
876;74465;1;120.0000;2008-07-10 00:00:00.000
878;74466;1;21.9800;2008-07-10 00:00:00.000
870;74466;1;4.9900;2008-07-10 00:00:00.000
871;74466;1;9.9900;2008-07-10 00:00:00.000
878;74467;1;21.9800;2008-07-10 00:00:00.000
870;74467;1;4.9900;2008-07-10 00:00:00.000
871;74467;1;9.9900;2008-07-10 00:00:00.000
877;74467;1;7.9500;2008-07-10 00:00:00.000
878;74468;1;21.9800;2008-07-10 00:00:00.000
711;74468;1;34.9900;2008-07-10 00:00:00.000
930;74469;1;35.0000;2008-07-10 00:00:00.000
876;74470;1;120.0000;2008-07-11 00:00:00.000
877;74471;1;7.9500;2008-07-11 00:00:00.000
928;74472;1;24.9900;2008-07-11 00:00:00.000
929;74473;1;29.9900;2008-07-11 00:00:00.000
874;74473;1;8.9900;2008-07-11 00:00:00.000
707;74474;1;34.9900;2008-07-11 00:00:00.000
859;74474;1;24.4900;2008-07-11 00:00:00.000
922;74475;1;3.9900;2008-07-11 00:00:00.000
934;74476;1;28.9900;2008-07-11 00:00:00.000
923;74476;1;4.9900;2008-07-11 00:00:00.000
707;74477;1;34.9900;2008-07-11 00:00:00.000
873;74478;1;2.2900;2008-07-11 00:00:00.000
922;74479;1;3.9900;2008-07-11 00:00:00.000
713;74479;1;49.9900;2008-07-11 00:00:00.000
932;74480;1;24.9900;2008-07-11 00:00:00.000
922;74480;1;3.9900;2008-07-11 00:00:00.000
933;74481;1;32.6000;2008-07-11 00:00:00.000
922;74481;1;3.9900;2008-07-11 00:00:00.000
707;74481;1;34.9900;2008-07-11 00:00:00.000
874;74481;1;8.9900;2008-07-11 00:00:00.000
933;74482;1;32.6000;2008-07-11 00:00:00.000
928;74483;1;24.9900;2008-07-11 00:00:00.000
921;74483;1;4.9900;2008-07-11 00:00:00.000
873;74483;1;2.2900;2008-07-11 00:00:00.000
877;74483;1;7.9500;2008-07-11 00:00:00.000
922;74484;1;3.9900;2008-07-11 00:00:00.000
933;74484;1;32.6000;2008-07-11 00:00:00.000
929;74485;1;29.9900;2008-07-11 00:00:00.000
875;74485;1;8.9900;2008-07-11 00:00:00.000
929;74486;1;29.9900;2008-07-11 00:00:00.000
929;74487;1;29.9900;2008-07-11 00:00:00.000
869;74488;1;69.9900;2008-07-11 00:00:00.000
870;74489;1;4.9900;2008-07-11 00:00:00.000
921;74490;1;4.9900;2008-07-11 00:00:00.000
708;74490;1;34.9900;2008-07-11 00:00:00.000
921;74491;1;4.9900;2008-07-11 00:00:00.000
878;74491;1;21.9800;2008-07-11 00:00:00.000
715;74491;1;49.9900;2008-07-11 00:00:00.000
921;74492;1;4.9900;2008-07-11 00:00:00.000
921;74493;1;4.9900;2008-07-11 00:00:00.000
711;74493;1;34.9900;2008-07-11 00:00:00.000
867;74494;1;69.9900;2008-07-11 00:00:00.000
713;74494;1;49.9900;2008-07-11 00:00:00.000
921;74495;1;4.9900;2008-07-11 00:00:00.000
930;74495;1;35.0000;2008-07-11 00:00:00.000
873;74495;1;2.2900;2008-07-11 00:00:00.000
870;74496;1;4.9900;2008-07-11 00:00:00.000
708;74496;1;34.9900;2008-07-11 00:00:00.000
929;74497;1;29.9900;2008-07-11 00:00:00.000
921;74497;1;4.9900;2008-07-11 00:00:00.000
713;74497;1;49.9900;2008-07-11 00:00:00.000
922;74498;1;3.9900;2008-07-11 00:00:00.000
873;74498;1;2.2900;2008-07-11 00:00:00.000
934;74499;1;28.9900;2008-07-11 00:00:00.000
923;74499;1;4.9900;2008-07-11 00:00:00.000
711;74499;1;34.9900;2008-07-11 00:00:00.000
922;74500;1;3.9900;2008-07-11 00:00:00.000
708;74500;1;34.9900;2008-07-11 00:00:00.000
921;74501;1;4.9900;2008-07-11 00:00:00.000
930;74501;1;35.0000;2008-07-11 00:00:00.000
873;74501;1;2.2900;2008-07-11 00:00:00.000
712;74502;1;8.9900;2008-07-11 00:00:00.000
711;74502;1;34.9900;2008-07-11 00:00:00.000
877;74503;1;7.9500;2008-07-12 00:00:00.000
929;74504;1;29.9900;2008-07-12 00:00:00.000
870;74504;1;4.9900;2008-07-12 00:00:00.000
929;74505;1;29.9900;2008-07-12 00:00:00.000
921;74505;1;4.9900;2008-07-12 00:00:00.000
921;74506;1;4.9900;2008-07-12 00:00:00.000
929;74506;1;29.9900;2008-07-12 00:00:00.000
874;74506;1;8.9900;2008-07-12 00:00:00.000
881;74507;1;53.9900;2008-07-12 00:00:00.000
922;74508;1;3.9900;2008-07-12 00:00:00.000
711;74508;1;34.9900;2008-07-12 00:00:00.000
859;74508;1;24.4900;2008-07-12 00:00:00.000
922;74509;1;3.9900;2008-07-12 00:00:00.000
932;74509;1;24.9900;2008-07-12 00:00:00.000
932;74510;1;24.9900;2008-07-12 00:00:00.000
922;74510;1;3.9900;2008-07-12 00:00:00.000
711;74510;1;34.9900;2008-07-12 00:00:00.000
922;74511;1;3.9900;2008-07-12 00:00:00.000
934;74512;1;28.9900;2008-07-12 00:00:00.000
923;74512;1;4.9900;2008-07-12 00:00:00.000
711;74512;1;34.9900;2008-07-12 00:00:00.000
922;74513;1;3.9900;2008-07-12 00:00:00.000
933;74513;1;32.6000;2008-07-12 00:00:00.000
711;74513;1;34.9900;2008-07-12 00:00:00.000
714;74513;1;49.9900;2008-07-12 00:00:00.000
933;74514;1;32.6000;2008-07-12 00:00:00.000
873;74514;1;2.2900;2008-07-12 00:00:00.000
929;74515;1;29.9900;2008-07-12 00:00:00.000
921;74515;1;4.9900;2008-07-12 00:00:00.000
873;74515;1;2.2900;2008-07-12 00:00:00.000
929;74516;1;29.9900;2008-07-12 00:00:00.000
921;74516;1;4.9900;2008-07-12 00:00:00.000
879;74516;1;159.0000;2008-07-12 00:00:00.000
871;74517;1;9.9900;2008-07-12 00:00:00.000
869;74518;1;69.9900;2008-07-12 00:00:00.000
712;74519;1;8.9900;2008-07-12 00:00:00.000
869;74519;1;69.9900;2008-07-12 00:00:00.000
869;74520;1;69.9900;2008-07-12 00:00:00.000
867;74521;1;69.9900;2008-07-12 00:00:00.000
875;74521;1;8.9900;2008-07-12 00:00:00.000
870;74522;1;4.9900;2008-07-12 00:00:00.000
881;74522;1;53.9900;2008-07-12 00:00:00.000
921;74523;1;4.9900;2008-07-12 00:00:00.000
922;74524;1;3.9900;2008-07-12 00:00:00.000
933;74524;1;32.6000;2008-07-12 00:00:00.000
876;74524;1;120.0000;2008-07-12 00:00:00.000
922;74525;1;3.9900;2008-07-12 00:00:00.000
933;74525;1;32.6000;2008-07-12 00:00:00.000
879;74525;1;159.0000;2008-07-12 00:00:00.000
929;74526;1;29.9900;2008-07-12 00:00:00.000
921;74526;1;4.9900;2008-07-12 00:00:00.000
707;74526;1;34.9900;2008-07-12 00:00:00.000
870;74527;1;4.9900;2008-07-12 00:00:00.000
711;74527;1;34.9900;2008-07-12 00:00:00.000
870;74528;1;4.9900;2008-07-12 00:00:00.000
930;74529;1;35.0000;2008-07-12 00:00:00.000
930;74530;1;35.0000;2008-07-12 00:00:00.000
878;74531;1;21.9800;2008-07-12 00:00:00.000
707;74531;1;34.9900;2008-07-12 00:00:00.000
715;74532;1;49.9900;2008-07-12 00:00:00.000
712;74532;1;8.9900;2008-07-12 00:00:00.000
929;74533;1;29.9900;2008-07-13 00:00:00.000
873;74533;1;2.2900;2008-07-13 00:00:00.000
878;74534;1;21.9800;2008-07-13 00:00:00.000
882;74534;1;53.9900;2008-07-13 00:00:00.000
868;74535;1;69.9900;2008-07-13 00:00:00.000
883;74535;1;53.9900;2008-07-13 00:00:00.000
873;74536;1;2.2900;2008-07-13 00:00:00.000
876;74537;1;120.0000;2008-07-13 00:00:00.000
922;74538;1;3.9900;2008-07-13 00:00:00.000
873;74538;1;2.2900;2008-07-13 00:00:00.000
934;74539;1;28.9900;2008-07-13 00:00:00.000
928;74540;1;24.9900;2008-07-13 00:00:00.000
921;74540;1;4.9900;2008-07-13 00:00:00.000
707;74540;1;34.9900;2008-07-13 00:00:00.000
933;74541;1;32.6000;2008-07-13 00:00:00.000
922;74541;1;3.9900;2008-07-13 00:00:00.000
928;74542;1;24.9900;2008-07-13 00:00:00.000
921;74542;1;4.9900;2008-07-13 00:00:00.000
708;74542;1;34.9900;2008-07-13 00:00:00.000
870;74543;1;4.9900;2008-07-13 00:00:00.000
712;74544;1;8.9900;2008-07-13 00:00:00.000
878;74544;1;21.9800;2008-07-13 00:00:00.000
878;74545;1;21.9800;2008-07-13 00:00:00.000
711;74545;1;34.9900;2008-07-13 00:00:00.000
859;74545;1;24.4900;2008-07-13 00:00:00.000
928;74546;1;24.9900;2008-07-13 00:00:00.000
859;74546;1;24.4900;2008-07-13 00:00:00.000
931;74547;1;21.4900;2008-07-13 00:00:00.000
922;74547;1;3.9900;2008-07-13 00:00:00.000
707;74547;1;34.9900;2008-07-13 00:00:00.000
713;74547;1;49.9900;2008-07-13 00:00:00.000
930;74548;1;35.0000;2008-07-13 00:00:00.000
878;74549;1;21.9800;2008-07-13 00:00:00.000
712;74550;1;8.9900;2008-07-13 00:00:00.000
714;74551;1;49.9900;2008-07-13 00:00:00.000
932;74552;1;24.9900;2008-07-14 00:00:00.000
922;74552;1;3.9900;2008-07-14 00:00:00.000
708;74552;1;34.9900;2008-07-14 00:00:00.000
881;74552;1;53.9900;2008-07-14 00:00:00.000
931;74553;1;21.4900;2008-07-14 00:00:00.000
873;74553;1;2.2900;2008-07-14 00:00:00.000
877;74553;1;7.9500;2008-07-14 00:00:00.000
870;74554;1;4.9900;2008-07-14 00:00:00.000
876;74554;1;120.0000;2008-07-14 00:00:00.000
929;74555;1;29.9900;2008-07-14 00:00:00.000
921;74555;1;4.9900;2008-07-14 00:00:00.000
865;74555;1;63.5000;2008-07-14 00:00:00.000
708;74555;1;34.9900;2008-07-14 00:00:00.000
869;74556;1;69.9900;2008-07-14 00:00:00.000
871;74557;1;9.9900;2008-07-14 00:00:00.000
870;74557;1;4.9900;2008-07-14 00:00:00.000
884;74557;1;53.9900;2008-07-14 00:00:00.000
712;74557;1;8.9900;2008-07-14 00:00:00.000
873;74558;1;2.2900;2008-07-14 00:00:00.000
859;74559;1;24.4900;2008-07-14 00:00:00.000
708;74560;1;34.9900;2008-07-14 00:00:00.000
876;74561;1;120.0000;2008-07-14 00:00:00.000
931;74562;1;21.4900;2008-07-14 00:00:00.000
928;74563;1;24.9900;2008-07-14 00:00:00.000
873;74563;1;2.2900;2008-07-14 00:00:00.000
928;74564;1;24.9900;2008-07-14 00:00:00.000
921;74564;1;4.9900;2008-07-14 00:00:00.000
707;74564;1;34.9900;2008-07-14 00:00:00.000
716;74564;1;49.9900;2008-07-14 00:00:00.000
933;74565;1;32.6000;2008-07-14 00:00:00.000
922;74565;1;3.9900;2008-07-14 00:00:00.000
873;74565;1;2.2900;2008-07-14 00:00:00.000
929;74566;1;29.9900;2008-07-14 00:00:00.000
921;74566;1;4.9900;2008-07-14 00:00:00.000
707;74566;1;34.9900;2008-07-14 00:00:00.000
871;74567;1;9.9900;2008-07-14 00:00:00.000
880;74567;1;54.9900;2008-07-14 00:00:00.000
877;74567;1;7.9500;2008-07-14 00:00:00.000
865;74568;1;63.5000;2008-07-14 00:00:00.000
870;74568;1;4.9900;2008-07-14 00:00:00.000
921;74569;1;4.9900;2008-07-14 00:00:00.000
921;74570;1;4.9900;2008-07-14 00:00:00.000
873;74570;1;2.2900;2008-07-14 00:00:00.000
712;74571;1;8.9900;2008-07-14 00:00:00.000
870;74571;1;4.9900;2008-07-14 00:00:00.000
921;74572;1;4.9900;2008-07-14 00:00:00.000
713;74572;1;49.9900;2008-07-14 00:00:00.000
921;74573;1;4.9900;2008-07-14 00:00:00.000
873;74573;1;2.2900;2008-07-14 00:00:00.000
867;74574;1;69.9900;2008-07-14 00:00:00.000
867;74575;1;69.9900;2008-07-14 00:00:00.000
870;74576;1;4.9900;2008-07-14 00:00:00.000
711;74576;1;34.9900;2008-07-14 00:00:00.000
931;74577;1;21.4900;2008-07-14 00:00:00.000
922;74577;1;3.9900;2008-07-14 00:00:00.000
873;74577;1;2.2900;2008-07-14 00:00:00.000
923;74578;1;4.9900;2008-07-14 00:00:00.000
921;74579;1;4.9900;2008-07-14 00:00:00.000
930;74579;1;35.0000;2008-07-14 00:00:00.000
921;74580;1;4.9900;2008-07-14 00:00:00.000
930;74580;1;35.0000;2008-07-14 00:00:00.000
879;74580;1;159.0000;2008-07-14 00:00:00.000
921;74581;1;4.9900;2008-07-14 00:00:00.000
930;74581;1;35.0000;2008-07-14 00:00:00.000
871;74581;1;9.9900;2008-07-14 00:00:00.000
870;74581;1;4.9900;2008-07-14 00:00:00.000
708;74581;1;34.9900;2008-07-14 00:00:00.000
930;74582;1;35.0000;2008-07-14 00:00:00.000
921;74582;1;4.9900;2008-07-14 00:00:00.000
711;74582;1;34.9900;2008-07-14 00:00:00.000
712;74583;1;8.9900;2008-07-14 00:00:00.000
712;74584;1;8.9900;2008-07-14 00:00:00.000
711;74584;1;34.9900;2008-07-14 00:00:00.000
922;74585;1;3.9900;2008-07-15 00:00:00.000
931;74585;1;21.4900;2008-07-15 00:00:00.000
884;74585;1;53.9900;2008-07-15 00:00:00.000
931;74586;1;21.4900;2008-07-15 00:00:00.000
922;74586;1;3.9900;2008-07-15 00:00:00.000
707;74586;1;34.9900;2008-07-15 00:00:00.000
860;74586;1;24.4900;2008-07-15 00:00:00.000
922;74587;1;3.9900;2008-07-15 00:00:00.000
934;74588;1;28.9900;2008-07-15 00:00:00.000
923;74588;1;4.9900;2008-07-15 00:00:00.000
711;74588;1;34.9900;2008-07-15 00:00:00.000
712;74589;1;8.9900;2008-07-15 00:00:00.000
712;74590;1;8.9900;2008-07-15 00:00:00.000
872;74591;1;8.9900;2008-07-15 00:00:00.000
870;74591;1;4.9900;2008-07-15 00:00:00.000
708;74591;1;34.9900;2008-07-15 00:00:00.000
873;74592;1;2.2900;2008-07-15 00:00:00.000
923;74593;1;4.9900;2008-07-15 00:00:00.000
711;74593;1;34.9900;2008-07-15 00:00:00.000
860;74593;1;24.4900;2008-07-15 00:00:00.000
923;74594;1;4.9900;2008-07-15 00:00:00.000
708;74594;1;34.9900;2008-07-15 00:00:00.000
874;74594;1;8.9900;2008-07-15 00:00:00.000
931;74595;1;21.4900;2008-07-15 00:00:00.000
873;74595;1;2.2900;2008-07-15 00:00:00.000
877;74595;1;7.9500;2008-07-15 00:00:00.000
923;74596;1;4.9900;2008-07-15 00:00:00.000
928;74597;1;24.9900;2008-07-15 00:00:00.000
921;74597;1;4.9900;2008-07-15 00:00:00.000
934;74598;1;28.9900;2008-07-15 00:00:00.000
923;74598;1;4.9900;2008-07-15 00:00:00.000
877;74598;1;7.9500;2008-07-15 00:00:00.000
933;74599;1;32.6000;2008-07-15 00:00:00.000
922;74599;1;3.9900;2008-07-15 00:00:00.000
873;74599;1;2.2900;2008-07-15 00:00:00.000
871;74600;1;9.9900;2008-07-15 00:00:00.000
712;74601;1;8.9900;2008-07-15 00:00:00.000
868;74601;1;69.9900;2008-07-15 00:00:00.000
870;74602;1;4.9900;2008-07-15 00:00:00.000
870;74603;1;4.9900;2008-07-15 00:00:00.000
881;74603;1;53.9900;2008-07-15 00:00:00.000
712;74603;1;8.9900;2008-07-15 00:00:00.000
870;74604;1;4.9900;2008-07-15 00:00:00.000
880;74604;1;54.9900;2008-07-15 00:00:00.000
877;74604;1;7.9500;2008-07-15 00:00:00.000
921;74605;1;4.9900;2008-07-15 00:00:00.000
708;74605;1;34.9900;2008-07-15 00:00:00.000
921;74606;1;4.9900;2008-07-15 00:00:00.000
707;74606;1;34.9900;2008-07-15 00:00:00.000
878;74607;1;21.9800;2008-07-15 00:00:00.000
871;74607;1;9.9900;2008-07-15 00:00:00.000
870;74607;1;4.9900;2008-07-15 00:00:00.000
708;74607;1;34.9900;2008-07-15 00:00:00.000
933;74608;1;32.6000;2008-07-15 00:00:00.000
922;74608;1;3.9900;2008-07-15 00:00:00.000
929;74609;1;29.9900;2008-07-15 00:00:00.000
921;74609;1;4.9900;2008-07-15 00:00:00.000
878;74609;1;21.9800;2008-07-15 00:00:00.000
871;74609;1;9.9900;2008-07-15 00:00:00.000
870;74609;1;4.9900;2008-07-15 00:00:00.000
870;74610;1;4.9900;2008-07-15 00:00:00.000
711;74610;1;34.9900;2008-07-15 00:00:00.000
870;74611;1;4.9900;2008-07-15 00:00:00.000
922;74612;1;3.9900;2008-07-15 00:00:00.000
707;74612;1;34.9900;2008-07-15 00:00:00.000
922;74613;1;3.9900;2008-07-15 00:00:00.000
923;74614;1;4.9900;2008-07-15 00:00:00.000
708;74614;1;34.9900;2008-07-15 00:00:00.000
921;74615;1;4.9900;2008-07-15 00:00:00.000
930;74615;1;35.0000;2008-07-15 00:00:00.000
711;74615;1;34.9900;2008-07-15 00:00:00.000
858;74615;1;24.4900;2008-07-15 00:00:00.000
923;74616;1;4.9900;2008-07-15 00:00:00.000
873;74616;1;2.2900;2008-07-15 00:00:00.000
878;74617;1;21.9800;2008-07-15 00:00:00.000
871;74617;1;9.9900;2008-07-15 00:00:00.000
870;74617;1;4.9900;2008-07-15 00:00:00.000
714;74618;1;49.9900;2008-07-15 00:00:00.000
712;74619;1;8.9900;2008-07-16 00:00:00.000
928;74620;1;24.9900;2008-07-16 00:00:00.000
921;74620;1;4.9900;2008-07-16 00:00:00.000
707;74620;1;34.9900;2008-07-16 00:00:00.000
870;74621;1;4.9900;2008-07-16 00:00:00.000
707;74621;1;34.9900;2008-07-16 00:00:00.000
858;74621;1;24.4900;2008-07-16 00:00:00.000
880;74622;1;54.9900;2008-07-16 00:00:00.000
865;74622;1;63.5000;2008-07-16 00:00:00.000
883;74623;1;53.9900;2008-07-16 00:00:00.000
881;74624;1;53.9900;2008-07-16 00:00:00.000
922;74625;1;3.9900;2008-07-16 00:00:00.000
708;74625;1;34.9900;2008-07-16 00:00:00.000
713;74626;1;49.9900;2008-07-16 00:00:00.000
931;74627;1;21.4900;2008-07-16 00:00:00.000
922;74627;1;3.9900;2008-07-16 00:00:00.000
875;74627;1;8.9900;2008-07-16 00:00:00.000
928;74628;1;24.9900;2008-07-16 00:00:00.000
873;74628;1;2.2900;2008-07-16 00:00:00.000
921;74629;1;4.9900;2008-07-16 00:00:00.000
928;74629;1;24.9900;2008-07-16 00:00:00.000
707;74629;1;34.9900;2008-07-16 00:00:00.000
933;74630;1;32.6000;2008-07-16 00:00:00.000
929;74631;1;29.9900;2008-07-16 00:00:00.000
871;74632;1;9.9900;2008-07-16 00:00:00.000
870;74632;1;4.9900;2008-07-16 00:00:00.000
712;74632;1;8.9900;2008-07-16 00:00:00.000
929;74633;1;29.9900;2008-07-16 00:00:00.000
921;74633;1;4.9900;2008-07-16 00:00:00.000
859;74633;1;24.4900;2008-07-16 00:00:00.000
707;74633;1;34.9900;2008-07-16 00:00:00.000
868;74634;1;69.9900;2008-07-16 00:00:00.000
716;74634;1;49.9900;2008-07-16 00:00:00.000
858;74634;1;24.4900;2008-07-16 00:00:00.000
871;74635;1;9.9900;2008-07-16 00:00:00.000
868;74636;1;69.9900;2008-07-16 00:00:00.000
712;74636;1;8.9900;2008-07-16 00:00:00.000
868;74637;1;69.9900;2008-07-16 00:00:00.000
866;74638;1;63.5000;2008-07-16 00:00:00.000
868;74638;1;69.9900;2008-07-16 00:00:00.000
712;74639;1;8.9900;2008-07-16 00:00:00.000
870;74639;1;4.9900;2008-07-16 00:00:00.000
870;74640;1;4.9900;2008-07-16 00:00:00.000
708;74640;1;34.9900;2008-07-16 00:00:00.000
870;74641;1;4.9900;2008-07-16 00:00:00.000
707;74641;1;34.9900;2008-07-16 00:00:00.000
921;74642;1;4.9900;2008-07-16 00:00:00.000
873;74642;1;2.2900;2008-07-16 00:00:00.000
931;74643;1;21.4900;2008-07-16 00:00:00.000
922;74644;1;3.9900;2008-07-16 00:00:00.000
873;74644;1;2.2900;2008-07-16 00:00:00.000
922;74645;1;3.9900;2008-07-16 00:00:00.000
934;74646;1;28.9900;2008-07-16 00:00:00.000
923;74646;1;4.9900;2008-07-16 00:00:00.000
873;74646;1;2.2900;2008-07-16 00:00:00.000
930;74647;1;35.0000;2008-07-16 00:00:00.000
930;74648;1;35.0000;2008-07-16 00:00:00.000
921;74648;1;4.9900;2008-07-16 00:00:00.000
878;74648;1;21.9800;2008-07-16 00:00:00.000
707;74648;1;34.9900;2008-07-16 00:00:00.000
858;74648;1;24.4900;2008-07-16 00:00:00.000
870;74649;1;4.9900;2008-07-16 00:00:00.000
872;74649;1;8.9900;2008-07-16 00:00:00.000
882;74649;1;53.9900;2008-07-16 00:00:00.000
874;74650;1;8.9900;2008-07-16 00:00:00.000
878;74650;1;21.9800;2008-07-16 00:00:00.000
931;74651;1;21.4900;2008-07-17 00:00:00.000
931;74652;1;21.4900;2008-07-17 00:00:00.000
922;74652;1;3.9900;2008-07-17 00:00:00.000
707;74652;1;34.9900;2008-07-17 00:00:00.000
921;74653;1;4.9900;2008-07-17 00:00:00.000
711;74653;1;34.9900;2008-07-17 00:00:00.000
922;74654;1;3.9900;2008-07-17 00:00:00.000
873;74654;1;2.2900;2008-07-17 00:00:00.000
870;74655;1;4.9900;2008-07-17 00:00:00.000
871;74655;1;9.9900;2008-07-17 00:00:00.000
711;74656;1;34.9900;2008-07-17 00:00:00.000
715;74656;1;49.9900;2008-07-17 00:00:00.000
712;74656;1;8.9900;2008-07-17 00:00:00.000
934;74657;1;28.9900;2008-07-17 00:00:00.000
923;74657;1;4.9900;2008-07-17 00:00:00.000
884;74657;1;53.9900;2008-07-17 00:00:00.000
922;74658;1;3.9900;2008-07-17 00:00:00.000
873;74658;1;2.2900;2008-07-17 00:00:00.000
931;74659;1;21.4900;2008-07-17 00:00:00.000
922;74659;1;3.9900;2008-07-17 00:00:00.000
711;74659;1;34.9900;2008-07-17 00:00:00.000
713;74659;1;49.9900;2008-07-17 00:00:00.000
933;74660;1;32.6000;2008-07-17 00:00:00.000
922;74660;1;3.9900;2008-07-17 00:00:00.000
711;74660;1;34.9900;2008-07-17 00:00:00.000
933;74661;1;32.6000;2008-07-17 00:00:00.000
712;74661;1;8.9900;2008-07-17 00:00:00.000
922;74661;1;3.9900;2008-07-17 00:00:00.000
929;74662;1;29.9900;2008-07-17 00:00:00.000
929;74663;1;29.9900;2008-07-17 00:00:00.000
870;74664;1;4.9900;2008-07-17 00:00:00.000
871;74664;1;9.9900;2008-07-17 00:00:00.000
711;74664;1;34.9900;2008-07-17 00:00:00.000
868;74665;1;69.9900;2008-07-17 00:00:00.000
712;74665;1;8.9900;2008-07-17 00:00:00.000
713;74665;1;49.9900;2008-07-17 00:00:00.000
870;74666;1;4.9900;2008-07-17 00:00:00.000
870;74667;1;4.9900;2008-07-17 00:00:00.000
882;74667;1;53.9900;2008-07-17 00:00:00.000
870;74668;1;4.9900;2008-07-17 00:00:00.000
712;74668;1;8.9900;2008-07-17 00:00:00.000
921;74669;1;4.9900;2008-07-17 00:00:00.000
708;74669;1;34.9900;2008-07-17 00:00:00.000
870;74670;1;4.9900;2008-07-17 00:00:00.000
708;74670;1;34.9900;2008-07-17 00:00:00.000
859;74670;1;24.4900;2008-07-17 00:00:00.000
715;74670;1;49.9900;2008-07-17 00:00:00.000
878;74671;1;21.9800;2008-07-17 00:00:00.000
865;74672;1;63.5000;2008-07-17 00:00:00.000
878;74672;1;21.9800;2008-07-17 00:00:00.000
878;74673;1;21.9800;2008-07-17 00:00:00.000
878;74674;1;21.9800;2008-07-17 00:00:00.000
873;74674;1;2.2900;2008-07-17 00:00:00.000
878;74675;1;21.9800;2008-07-17 00:00:00.000
865;74675;1;63.5000;2008-07-17 00:00:00.000
922;74676;1;3.9900;2008-07-17 00:00:00.000
933;74676;1;32.6000;2008-07-17 00:00:00.000
708;74676;1;34.9900;2008-07-17 00:00:00.000
922;74677;1;3.9900;2008-07-17 00:00:00.000
932;74677;1;24.9900;2008-07-17 00:00:00.000
880;74677;1;54.9900;2008-07-17 00:00:00.000
932;74678;1;24.9900;2008-07-17 00:00:00.000
929;74679;1;29.9900;2008-07-17 00:00:00.000
921;74679;1;4.9900;2008-07-17 00:00:00.000
878;74679;1;21.9800;2008-07-17 00:00:00.000
713;74679;1;49.9900;2008-07-17 00:00:00.000
858;74679;1;24.4900;2008-07-17 00:00:00.000
934;74680;1;28.9900;2008-07-17 00:00:00.000
923;74680;1;4.9900;2008-07-17 00:00:00.000
922;74681;1;3.9900;2008-07-17 00:00:00.000
870;74682;1;4.9900;2008-07-17 00:00:00.000
882;74682;1;53.9900;2008-07-17 00:00:00.000
931;74683;1;21.4900;2008-07-17 00:00:00.000
922;74683;1;3.9900;2008-07-17 00:00:00.000
873;74683;1;2.2900;2008-07-17 00:00:00.000
931;74684;1;21.4900;2008-07-17 00:00:00.000
923;74685;1;4.9900;2008-07-17 00:00:00.000
934;74685;1;28.9900;2008-07-17 00:00:00.000
708;74685;1;34.9900;2008-07-17 00:00:00.000
923;74686;1;4.9900;2008-07-17 00:00:00.000
921;74687;1;4.9900;2008-07-17 00:00:00.000
930;74687;1;35.0000;2008-07-17 00:00:00.000
708;74687;1;34.9900;2008-07-17 00:00:00.000
921;74688;1;4.9900;2008-07-17 00:00:00.000
930;74688;1;35.0000;2008-07-17 00:00:00.000
873;74688;1;2.2900;2008-07-17 00:00:00.000
712;74689;1;8.9900;2008-07-17 00:00:00.000
922;74690;1;3.9900;2008-07-18 00:00:00.000
932;74690;1;24.9900;2008-07-18 00:00:00.000
873;74690;1;2.2900;2008-07-18 00:00:00.000
864;74691;1;63.5000;2008-07-18 00:00:00.000
878;74691;1;21.9800;2008-07-18 00:00:00.000
930;74692;1;35.0000;2008-07-18 00:00:00.000
921;74692;1;4.9900;2008-07-18 00:00:00.000
712;74693;1;8.9900;2008-07-18 00:00:00.000
869;74693;1;69.9900;2008-07-18 00:00:00.000
713;74694;1;49.9900;2008-07-18 00:00:00.000
873;74695;1;2.2900;2008-07-18 00:00:00.000
923;74696;1;4.9900;2008-07-18 00:00:00.000
707;74696;1;34.9900;2008-07-18 00:00:00.000
923;74697;1;4.9900;2008-07-18 00:00:00.000
711;74697;1;34.9900;2008-07-18 00:00:00.000
922;74698;1;3.9900;2008-07-18 00:00:00.000
933;74698;1;32.6000;2008-07-18 00:00:00.000
922;74699;1;3.9900;2008-07-18 00:00:00.000
933;74699;1;32.6000;2008-07-18 00:00:00.000
873;74699;1;2.2900;2008-07-18 00:00:00.000
921;74700;1;4.9900;2008-07-18 00:00:00.000
929;74700;1;29.9900;2008-07-18 00:00:00.000
873;74700;1;2.2900;2008-07-18 00:00:00.000
877;74700;1;7.9500;2008-07-18 00:00:00.000
876;74700;1;120.0000;2008-07-18 00:00:00.000
870;74701;1;4.9900;2008-07-18 00:00:00.000
712;74701;1;8.9900;2008-07-18 00:00:00.000
871;74701;1;9.9900;2008-07-18 00:00:00.000
871;74702;1;9.9900;2008-07-18 00:00:00.000
870;74702;1;4.9900;2008-07-18 00:00:00.000
870;74703;1;4.9900;2008-07-18 00:00:00.000
880;74703;1;54.9900;2008-07-18 00:00:00.000
877;74703;1;7.9500;2008-07-18 00:00:00.000
870;74704;1;4.9900;2008-07-18 00:00:00.000
873;74704;1;2.2900;2008-07-18 00:00:00.000
921;74705;1;4.9900;2008-07-18 00:00:00.000
873;74705;1;2.2900;2008-07-18 00:00:00.000
870;74706;1;4.9900;2008-07-18 00:00:00.000
708;74706;1;34.9900;2008-07-18 00:00:00.000
921;74707;1;4.9900;2008-07-18 00:00:00.000
711;74707;1;34.9900;2008-07-18 00:00:00.000
921;74708;1;4.9900;2008-07-18 00:00:00.000
707;74708;1;34.9900;2008-07-18 00:00:00.000
858;74708;1;24.4900;2008-07-18 00:00:00.000
922;74709;1;3.9900;2008-07-18 00:00:00.000
932;74709;1;24.9900;2008-07-18 00:00:00.000
708;74709;1;34.9900;2008-07-18 00:00:00.000
712;74709;1;8.9900;2008-07-18 00:00:00.000
929;74710;1;29.9900;2008-07-18 00:00:00.000
921;74710;1;4.9900;2008-07-18 00:00:00.000
873;74710;1;2.2900;2008-07-18 00:00:00.000
870;74711;1;4.9900;2008-07-18 00:00:00.000
707;74711;1;34.9900;2008-07-18 00:00:00.000
931;74712;1;21.4900;2008-07-18 00:00:00.000
922;74712;1;3.9900;2008-07-18 00:00:00.000
714;74712;1;49.9900;2008-07-18 00:00:00.000
858;74712;1;24.4900;2008-07-18 00:00:00.000
934;74713;1;28.9900;2008-07-18 00:00:00.000
923;74713;1;4.9900;2008-07-18 00:00:00.000
873;74713;1;2.2900;2008-07-18 00:00:00.000
877;74713;1;7.9500;2008-07-18 00:00:00.000
923;74714;1;4.9900;2008-07-18 00:00:00.000
873;74714;1;2.2900;2008-07-18 00:00:00.000
921;74715;1;4.9900;2008-07-18 00:00:00.000
930;74715;1;35.0000;2008-07-18 00:00:00.000
873;74715;1;2.2900;2008-07-18 00:00:00.000
871;74716;1;9.9900;2008-07-18 00:00:00.000
711;74716;1;34.9900;2008-07-18 00:00:00.000
711;74717;1;34.9900;2008-07-18 00:00:00.000
712;74717;1;8.9900;2008-07-18 00:00:00.000
878;74718;1;21.9800;2008-07-18 00:00:00.000
708;74718;1;34.9900;2008-07-18 00:00:00.000
928;74719;1;24.9900;2008-07-19 00:00:00.000
921;74719;1;4.9900;2008-07-19 00:00:00.000
878;74719;1;21.9800;2008-07-19 00:00:00.000
707;74719;1;34.9900;2008-07-19 00:00:00.000
876;74720;1;120.0000;2008-07-19 00:00:00.000
921;74721;1;4.9900;2008-07-19 00:00:00.000
929;74721;1;29.9900;2008-07-19 00:00:00.000
931;74722;1;21.4900;2008-07-19 00:00:00.000
870;74723;1;4.9900;2008-07-19 00:00:00.000
922;74724;1;3.9900;2008-07-19 00:00:00.000
707;74724;1;34.9900;2008-07-19 00:00:00.000
874;74724;1;8.9900;2008-07-19 00:00:00.000
934;74725;1;28.9900;2008-07-19 00:00:00.000
923;74725;1;4.9900;2008-07-19 00:00:00.000
880;74725;1;54.9900;2008-07-19 00:00:00.000
884;74726;1;53.9900;2008-07-19 00:00:00.000
928;74727;1;24.9900;2008-07-19 00:00:00.000
928;74728;1;24.9900;2008-07-19 00:00:00.000
921;74728;1;4.9900;2008-07-19 00:00:00.000
873;74728;1;2.2900;2008-07-19 00:00:00.000
933;74729;1;32.6000;2008-07-19 00:00:00.000
922;74729;1;3.9900;2008-07-19 00:00:00.000
708;74729;1;34.9900;2008-07-19 00:00:00.000
858;74729;1;24.4900;2008-07-19 00:00:00.000
928;74730;1;24.9900;2008-07-19 00:00:00.000
707;74730;1;34.9900;2008-07-19 00:00:00.000
921;74731;1;4.9900;2008-07-19 00:00:00.000
929;74731;1;29.9900;2008-07-19 00:00:00.000
708;74731;1;34.9900;2008-07-19 00:00:00.000
859;74731;1;24.4900;2008-07-19 00:00:00.000
929;74732;1;29.9900;2008-07-19 00:00:00.000
873;74732;1;2.2900;2008-07-19 00:00:00.000
871;74733;1;9.9900;2008-07-19 00:00:00.000
870;74733;1;4.9900;2008-07-19 00:00:00.000
711;74733;1;34.9900;2008-07-19 00:00:00.000
715;74733;1;49.9900;2008-07-19 00:00:00.000
869;74734;1;69.9900;2008-07-19 00:00:00.000
858;74734;1;24.4900;2008-07-19 00:00:00.000
870;74735;1;4.9900;2008-07-19 00:00:00.000
707;74735;1;34.9900;2008-07-19 00:00:00.000
870;74736;1;4.9900;2008-07-19 00:00:00.000
860;74736;1;24.4900;2008-07-19 00:00:00.000
870;74737;1;4.9900;2008-07-19 00:00:00.000
711;74737;1;34.9900;2008-07-19 00:00:00.000
860;74737;1;24.4900;2008-07-19 00:00:00.000
878;74738;1;21.9800;2008-07-19 00:00:00.000
873;74738;1;2.2900;2008-07-19 00:00:00.000
878;74739;1;21.9800;2008-07-19 00:00:00.000
878;74740;1;21.9800;2008-07-19 00:00:00.000
714;74740;1;49.9900;2008-07-19 00:00:00.000
921;74741;1;4.9900;2008-07-19 00:00:00.000
878;74741;1;21.9800;2008-07-19 00:00:00.000
871;74741;1;9.9900;2008-07-19 00:00:00.000
870;74741;1;4.9900;2008-07-19 00:00:00.000
707;74741;1;34.9900;2008-07-19 00:00:00.000
921;74742;1;4.9900;2008-07-19 00:00:00.000
930;74742;1;35.0000;2008-07-19 00:00:00.000
877;74742;1;7.9500;2008-07-19 00:00:00.000
869;74743;1;69.9900;2008-07-19 00:00:00.000
874;74743;1;8.9900;2008-07-19 00:00:00.000
928;74744;1;24.9900;2008-07-19 00:00:00.000
873;74744;1;2.2900;2008-07-19 00:00:00.000
712;74745;1;8.9900;2008-07-19 00:00:00.000
922;74745;1;3.9900;2008-07-19 00:00:00.000
931;74746;1;21.4900;2008-07-19 00:00:00.000
922;74746;1;3.9900;2008-07-19 00:00:00.000
711;74746;1;34.9900;2008-07-19 00:00:00.000
934;74747;1;28.9900;2008-07-19 00:00:00.000
923;74747;1;4.9900;2008-07-19 00:00:00.000
707;74747;1;34.9900;2008-07-19 00:00:00.000
715;74747;1;49.9900;2008-07-19 00:00:00.000
922;74748;1;3.9900;2008-07-19 00:00:00.000
712;74748;1;8.9900;2008-07-19 00:00:00.000
884;74748;1;53.9900;2008-07-19 00:00:00.000
934;74749;1;28.9900;2008-07-19 00:00:00.000
923;74749;1;4.9900;2008-07-19 00:00:00.000
708;74749;1;34.9900;2008-07-19 00:00:00.000
714;74749;1;49.9900;2008-07-19 00:00:00.000
921;74750;1;4.9900;2008-07-19 00:00:00.000
930;74750;1;35.0000;2008-07-19 00:00:00.000
930;74751;1;35.0000;2008-07-19 00:00:00.000
873;74751;1;2.2900;2008-07-19 00:00:00.000
877;74751;1;7.9500;2008-07-19 00:00:00.000
878;74752;1;21.9800;2008-07-19 00:00:00.000
930;74753;1;35.0000;2008-07-19 00:00:00.000
921;74753;1;4.9900;2008-07-19 00:00:00.000
878;74753;1;21.9800;2008-07-19 00:00:00.000
708;74753;1;34.9900;2008-07-19 00:00:00.000
922;74754;1;3.9900;2008-07-20 00:00:00.000
932;74754;1;24.9900;2008-07-20 00:00:00.000
873;74754;1;2.2900;2008-07-20 00:00:00.000
929;74755;1;29.9900;2008-07-20 00:00:00.000
870;74756;1;4.9900;2008-07-20 00:00:00.000
873;74756;1;2.2900;2008-07-20 00:00:00.000
921;74757;1;4.9900;2008-07-20 00:00:00.000
707;74757;1;34.9900;2008-07-20 00:00:00.000
882;74757;1;53.9900;2008-07-20 00:00:00.000
859;74757;1;24.4900;2008-07-20 00:00:00.000
711;74758;1;34.9900;2008-07-20 00:00:00.000
922;74759;1;3.9900;2008-07-20 00:00:00.000
707;74759;1;34.9900;2008-07-20 00:00:00.000
922;74760;1;3.9900;2008-07-20 00:00:00.000
931;74760;1;21.4900;2008-07-20 00:00:00.000
873;74760;1;2.2900;2008-07-20 00:00:00.000
877;74760;1;7.9500;2008-07-20 00:00:00.000
879;74760;1;159.0000;2008-07-20 00:00:00.000
928;74761;1;24.9900;2008-07-20 00:00:00.000
873;74761;1;2.2900;2008-07-20 00:00:00.000
933;74762;1;32.6000;2008-07-20 00:00:00.000
873;74762;1;2.2900;2008-07-20 00:00:00.000
933;74763;1;32.6000;2008-07-20 00:00:00.000
922;74763;1;3.9900;2008-07-20 00:00:00.000
708;74763;1;34.9900;2008-07-20 00:00:00.000
715;74763;1;49.9900;2008-07-20 00:00:00.000
929;74764;1;29.9900;2008-07-20 00:00:00.000
921;74764;1;4.9900;2008-07-20 00:00:00.000
707;74764;1;34.9900;2008-07-20 00:00:00.000
871;74765;1;9.9900;2008-07-20 00:00:00.000
870;74765;1;4.9900;2008-07-20 00:00:00.000
882;74765;1;53.9900;2008-07-20 00:00:00.000
871;74766;1;9.9900;2008-07-20 00:00:00.000
880;74766;1;54.9900;2008-07-20 00:00:00.000
877;74766;1;7.9500;2008-07-20 00:00:00.000
870;74767;1;4.9900;2008-07-20 00:00:00.000
708;74767;1;34.9900;2008-07-20 00:00:00.000
921;74768;1;4.9900;2008-07-20 00:00:00.000
873;74768;1;2.2900;2008-07-20 00:00:00.000
921;74769;1;4.9900;2008-07-20 00:00:00.000
873;74769;1;2.2900;2008-07-20 00:00:00.000
878;74770;1;21.9800;2008-07-20 00:00:00.000
871;74770;1;9.9900;2008-07-20 00:00:00.000
858;74770;1;24.4900;2008-07-20 00:00:00.000
870;74770;1;4.9900;2008-07-20 00:00:00.000
921;74771;1;4.9900;2008-07-20 00:00:00.000
928;74771;1;24.9900;2008-07-20 00:00:00.000
921;74772;1;4.9900;2008-07-20 00:00:00.000
929;74772;1;29.9900;2008-07-20 00:00:00.000
878;74772;1;21.9800;2008-07-20 00:00:00.000
858;74772;1;24.4900;2008-07-20 00:00:00.000
713;74772;1;49.9900;2008-07-20 00:00:00.000
870;74773;1;4.9900;2008-07-20 00:00:00.000
875;74773;1;8.9900;2008-07-20 00:00:00.000
932;74774;1;24.9900;2008-07-20 00:00:00.000
922;74774;1;3.9900;2008-07-20 00:00:00.000
714;74774;1;49.9900;2008-07-20 00:00:00.000
934;74775;1;28.9900;2008-07-20 00:00:00.000
923;74775;1;4.9900;2008-07-20 00:00:00.000
872;74775;1;8.9900;2008-07-20 00:00:00.000
923;74776;1;4.9900;2008-07-20 00:00:00.000
711;74776;1;34.9900;2008-07-20 00:00:00.000
934;74777;1;28.9900;2008-07-20 00:00:00.000
930;74778;1;35.0000;2008-07-20 00:00:00.000
921;74778;1;4.9900;2008-07-20 00:00:00.000
708;74778;1;34.9900;2008-07-20 00:00:00.000
930;74779;1;35.0000;2008-07-20 00:00:00.000
873;74779;1;2.2900;2008-07-20 00:00:00.000
876;74779;1;120.0000;2008-07-20 00:00:00.000
715;74779;1;49.9900;2008-07-20 00:00:00.000
921;74780;1;4.9900;2008-07-20 00:00:00.000
930;74780;1;35.0000;2008-07-20 00:00:00.000
707;74780;1;34.9900;2008-07-20 00:00:00.000
878;74781;1;21.9800;2008-07-20 00:00:00.000
871;74781;1;9.9900;2008-07-20 00:00:00.000
870;74781;1;4.9900;2008-07-20 00:00:00.000
712;74781;1;8.9900;2008-07-20 00:00:00.000
711;74782;1;34.9900;2008-07-20 00:00:00.000
715;74783;1;49.9900;2008-07-20 00:00:00.000
877;74784;1;7.9500;2008-07-21 00:00:00.000
877;74785;1;7.9500;2008-07-21 00:00:00.000
928;74786;1;24.9900;2008-07-21 00:00:00.000
873;74786;1;2.2900;2008-07-21 00:00:00.000
931;74787;1;21.4900;2008-07-21 00:00:00.000
873;74787;1;2.2900;2008-07-21 00:00:00.000
870;74788;1;4.9900;2008-07-21 00:00:00.000
712;74788;1;8.9900;2008-07-21 00:00:00.000
869;74789;1;69.9900;2008-07-21 00:00:00.000
712;74789;1;8.9900;2008-07-21 00:00:00.000
882;74790;1;53.9900;2008-07-21 00:00:00.000
712;74790;1;8.9900;2008-07-21 00:00:00.000
712;74791;1;8.9900;2008-07-21 00:00:00.000
884;74792;1;53.9900;2008-07-21 00:00:00.000
873;74793;1;2.2900;2008-07-21 00:00:00.000
876;74793;1;120.0000;2008-07-21 00:00:00.000
873;74794;1;2.2900;2008-07-21 00:00:00.000
921;74795;1;4.9900;2008-07-21 00:00:00.000
928;74795;1;24.9900;2008-07-21 00:00:00.000
711;74795;1;34.9900;2008-07-21 00:00:00.000
923;74796;1;4.9900;2008-07-21 00:00:00.000
873;74796;1;2.2900;2008-07-21 00:00:00.000
933;74797;1;32.6000;2008-07-21 00:00:00.000
922;74797;1;3.9900;2008-07-21 00:00:00.000
714;74797;1;49.9900;2008-07-21 00:00:00.000
712;74797;1;8.9900;2008-07-21 00:00:00.000
929;74798;1;29.9900;2008-07-21 00:00:00.000
929;74799;1;29.9900;2008-07-21 00:00:00.000
871;74800;1;9.9900;2008-07-21 00:00:00.000
870;74800;1;4.9900;2008-07-21 00:00:00.000
871;74801;1;9.9900;2008-07-21 00:00:00.000
870;74801;1;4.9900;2008-07-21 00:00:00.000
707;74801;1;34.9900;2008-07-21 00:00:00.000
870;74802;1;4.9900;2008-07-21 00:00:00.000
869;74803;1;69.9900;2008-07-21 00:00:00.000
860;74803;1;24.4900;2008-07-21 00:00:00.000
869;74804;1;69.9900;2008-07-21 00:00:00.000
712;74804;1;8.9900;2008-07-21 00:00:00.000
715;74804;1;49.9900;2008-07-21 00:00:00.000
921;74805;1;4.9900;2008-07-21 00:00:00.000
873;74805;1;2.2900;2008-07-21 00:00:00.000
928;74806;1;24.9900;2008-07-21 00:00:00.000
921;74806;1;4.9900;2008-07-21 00:00:00.000
708;74806;1;34.9900;2008-07-21 00:00:00.000
921;74807;1;4.9900;2008-07-21 00:00:00.000
928;74807;1;24.9900;2008-07-21 00:00:00.000
873;74807;1;2.2900;2008-07-21 00:00:00.000
930;74808;1;35.0000;2008-07-21 00:00:00.000
873;74808;1;2.2900;2008-07-21 00:00:00.000
878;74809;1;21.9800;2008-07-21 00:00:00.000
877;74809;1;7.9500;2008-07-21 00:00:00.000
715;74810;1;49.9900;2008-07-21 00:00:00.000
931;74811;1;21.4900;2008-07-22 00:00:00.000
873;74811;1;2.2900;2008-07-22 00:00:00.000
921;74812;1;4.9900;2008-07-22 00:00:00.000
708;74812;1;34.9900;2008-07-22 00:00:00.000
882;74812;1;53.9900;2008-07-22 00:00:00.000
870;74813;1;4.9900;2008-07-22 00:00:00.000
882;74814;1;53.9900;2008-07-22 00:00:00.000
931;74815;1;21.4900;2008-07-22 00:00:00.000
922;74815;1;3.9900;2008-07-22 00:00:00.000
708;74815;1;34.9900;2008-07-22 00:00:00.000
923;74816;1;4.9900;2008-07-22 00:00:00.000
934;74816;1;28.9900;2008-07-22 00:00:00.000
880;74816;1;54.9900;2008-07-22 00:00:00.000
716;74816;1;49.9900;2008-07-22 00:00:00.000
931;74817;1;21.4900;2008-07-22 00:00:00.000
873;74817;1;2.2900;2008-07-22 00:00:00.000
934;74818;1;28.9900;2008-07-22 00:00:00.000
933;74819;1;32.6000;2008-07-22 00:00:00.000
922;74819;1;3.9900;2008-07-22 00:00:00.000
873;74819;1;2.2900;2008-07-22 00:00:00.000
922;74820;1;3.9900;2008-07-22 00:00:00.000
933;74820;1;32.6000;2008-07-22 00:00:00.000
708;74820;1;34.9900;2008-07-22 00:00:00.000
859;74820;1;24.4900;2008-07-22 00:00:00.000
871;74821;1;9.9900;2008-07-22 00:00:00.000
870;74821;1;4.9900;2008-07-22 00:00:00.000
869;74822;1;69.9900;2008-07-22 00:00:00.000
716;74822;1;49.9900;2008-07-22 00:00:00.000
867;74823;1;69.9900;2008-07-22 00:00:00.000
884;74823;1;53.9900;2008-07-22 00:00:00.000
869;74824;1;69.9900;2008-07-22 00:00:00.000
712;74824;1;8.9900;2008-07-22 00:00:00.000
870;74825;1;4.9900;2008-07-22 00:00:00.000
858;74825;1;24.4900;2008-07-22 00:00:00.000
712;74826;1;8.9900;2008-07-22 00:00:00.000
870;74826;1;4.9900;2008-07-22 00:00:00.000
921;74827;1;4.9900;2008-07-22 00:00:00.000
708;74827;1;34.9900;2008-07-22 00:00:00.000
714;74827;1;49.9900;2008-07-22 00:00:00.000
859;74827;1;24.4900;2008-07-22 00:00:00.000
928;74828;1;24.9900;2008-07-22 00:00:00.000
870;74828;1;4.9900;2008-07-22 00:00:00.000
864;74828;1;63.5000;2008-07-22 00:00:00.000
878;74829;1;21.9800;2008-07-22 00:00:00.000
865;74829;1;63.5000;2008-07-22 00:00:00.000
869;74830;1;69.9900;2008-07-22 00:00:00.000
714;74830;1;49.9900;2008-07-22 00:00:00.000
929;74831;1;29.9900;2008-07-22 00:00:00.000
874;74831;1;8.9900;2008-07-22 00:00:00.000
922;74832;1;3.9900;2008-07-22 00:00:00.000
711;74832;1;34.9900;2008-07-22 00:00:00.000
712;74832;1;8.9900;2008-07-22 00:00:00.000
922;74833;1;3.9900;2008-07-22 00:00:00.000
873;74833;1;2.2900;2008-07-22 00:00:00.000
922;74834;1;3.9900;2008-07-22 00:00:00.000
873;74834;1;2.2900;2008-07-22 00:00:00.000
934;74835;1;28.9900;2008-07-22 00:00:00.000
923;74835;1;4.9900;2008-07-22 00:00:00.000
711;74835;1;34.9900;2008-07-22 00:00:00.000
931;74836;1;21.4900;2008-07-22 00:00:00.000
922;74836;1;3.9900;2008-07-22 00:00:00.000
707;74836;1;34.9900;2008-07-22 00:00:00.000
923;74837;1;4.9900;2008-07-22 00:00:00.000
872;74837;1;8.9900;2008-07-22 00:00:00.000
878;74838;1;21.9800;2008-07-22 00:00:00.000
864;74838;1;63.5000;2008-07-22 00:00:00.000
878;74839;1;21.9800;2008-07-22 00:00:00.000
874;74839;1;8.9900;2008-07-22 00:00:00.000
878;74840;1;21.9800;2008-07-22 00:00:00.000
874;74840;1;8.9900;2008-07-22 00:00:00.000
878;74841;1;21.9800;2008-07-22 00:00:00.000
877;74841;1;7.9500;2008-07-22 00:00:00.000
871;74842;1;9.9900;2008-07-22 00:00:00.000
711;74842;1;34.9900;2008-07-22 00:00:00.000
922;74843;1;3.9900;2008-07-23 00:00:00.000
873;74843;1;2.2900;2008-07-23 00:00:00.000
928;74844;1;24.9900;2008-07-23 00:00:00.000
921;74845;1;4.9900;2008-07-23 00:00:00.000
928;74845;1;24.9900;2008-07-23 00:00:00.000
871;74845;1;9.9900;2008-07-23 00:00:00.000
870;74845;1;4.9900;2008-07-23 00:00:00.000
873;74845;1;2.2900;2008-07-23 00:00:00.000
879;74845;1;159.0000;2008-07-23 00:00:00.000
869;74846;1;69.9900;2008-07-23 00:00:00.000
884;74846;1;53.9900;2008-07-23 00:00:00.000
715;74847;1;49.9900;2008-07-23 00:00:00.000
714;74848;1;49.9900;2008-07-23 00:00:00.000
923;74849;1;4.9900;2008-07-23 00:00:00.000
934;74849;1;28.9900;2008-07-23 00:00:00.000
873;74849;1;2.2900;2008-07-23 00:00:00.000
934;74850;1;28.9900;2008-07-23 00:00:00.000
923;74850;1;4.9900;2008-07-23 00:00:00.000
707;74850;1;34.9900;2008-07-23 00:00:00.000
873;74851;1;2.2900;2008-07-23 00:00:00.000
879;74852;1;159.0000;2008-07-23 00:00:00.000
933;74853;1;32.6000;2008-07-23 00:00:00.000
922;74853;1;3.9900;2008-07-23 00:00:00.000
873;74853;1;2.2900;2008-07-23 00:00:00.000
859;74854;1;24.4900;2008-07-23 00:00:00.000
873;74855;1;2.2900;2008-07-23 00:00:00.000
923;74856;1;4.9900;2008-07-23 00:00:00.000
873;74856;1;2.2900;2008-07-23 00:00:00.000
923;74857;1;4.9900;2008-07-23 00:00:00.000
934;74857;1;28.9900;2008-07-23 00:00:00.000
716;74857;1;49.9900;2008-07-23 00:00:00.000
928;74858;1;24.9900;2008-07-23 00:00:00.000
858;74858;1;24.4900;2008-07-23 00:00:00.000
929;74859;1;29.9900;2008-07-23 00:00:00.000
921;74859;1;4.9900;2008-07-23 00:00:00.000
871;74860;1;9.9900;2008-07-23 00:00:00.000
870;74860;1;4.9900;2008-07-23 00:00:00.000
871;74861;1;9.9900;2008-07-23 00:00:00.000
870;74861;1;4.9900;2008-07-23 00:00:00.000
871;74862;1;9.9900;2008-07-23 00:00:00.000
870;74862;1;4.9900;2008-07-23 00:00:00.000
708;74862;1;34.9900;2008-07-23 00:00:00.000
875;74862;1;8.9900;2008-07-23 00:00:00.000
871;74863;1;9.9900;2008-07-23 00:00:00.000
870;74863;1;4.9900;2008-07-23 00:00:00.000
867;74864;1;69.9900;2008-07-23 00:00:00.000
713;74864;1;49.9900;2008-07-23 00:00:00.000
712;74864;1;8.9900;2008-07-23 00:00:00.000
870;74865;1;4.9900;2008-07-23 00:00:00.000
712;74865;1;8.9900;2008-07-23 00:00:00.000
870;74866;1;4.9900;2008-07-23 00:00:00.000
921;74867;1;4.9900;2008-07-23 00:00:00.000
873;74867;1;2.2900;2008-07-23 00:00:00.000
928;74868;1;24.9900;2008-07-23 00:00:00.000
929;74869;1;29.9900;2008-07-23 00:00:00.000
921;74869;1;4.9900;2008-07-23 00:00:00.000
878;74869;1;21.9800;2008-07-23 00:00:00.000
870;74869;1;4.9900;2008-07-23 00:00:00.000
871;74869;1;9.9900;2008-07-23 00:00:00.000
711;74869;1;34.9900;2008-07-23 00:00:00.000
712;74869;1;8.9900;2008-07-23 00:00:00.000
870;74870;1;4.9900;2008-07-23 00:00:00.000
884;74870;1;53.9900;2008-07-23 00:00:00.000
712;74870;1;8.9900;2008-07-23 00:00:00.000
922;74871;1;3.9900;2008-07-23 00:00:00.000
931;74871;1;21.4900;2008-07-23 00:00:00.000
934;74872;1;28.9900;2008-07-23 00:00:00.000
923;74872;1;4.9900;2008-07-23 00:00:00.000
712;74872;1;8.9900;2008-07-23 00:00:00.000
929;74873;1;29.9900;2008-07-24 00:00:00.000
921;74874;1;4.9900;2008-07-24 00:00:00.000
929;74874;1;29.9900;2008-07-24 00:00:00.000
880;74874;1;54.9900;2008-07-24 00:00:00.000
877;74874;1;7.9500;2008-07-24 00:00:00.000
860;74874;1;24.4900;2008-07-24 00:00:00.000
878;74875;1;21.9800;2008-07-24 00:00:00.000
713;74875;1;49.9900;2008-07-24 00:00:00.000
921;74876;1;4.9900;2008-07-24 00:00:00.000
873;74876;1;2.2900;2008-07-24 00:00:00.000
870;74877;1;4.9900;2008-07-24 00:00:00.000
882;74877;1;53.9900;2008-07-24 00:00:00.000
882;74878;1;53.9900;2008-07-24 00:00:00.000
879;74879;1;159.0000;2008-07-24 00:00:00.000
922;74880;1;3.9900;2008-07-24 00:00:00.000
873;74880;1;2.2900;2008-07-24 00:00:00.000
923;74881;1;4.9900;2008-07-24 00:00:00.000
708;74881;1;34.9900;2008-07-24 00:00:00.000
932;74882;1;24.9900;2008-07-24 00:00:00.000
922;74882;1;3.9900;2008-07-24 00:00:00.000
873;74882;1;2.2900;2008-07-24 00:00:00.000
932;74883;1;24.9900;2008-07-24 00:00:00.000
873;74883;1;2.2900;2008-07-24 00:00:00.000
923;74884;1;4.9900;2008-07-24 00:00:00.000
923;74885;1;4.9900;2008-07-24 00:00:00.000
873;74885;1;2.2900;2008-07-24 00:00:00.000
931;74886;1;21.4900;2008-07-24 00:00:00.000
873;74886;1;2.2900;2008-07-24 00:00:00.000
923;74887;1;4.9900;2008-07-24 00:00:00.000
928;74888;1;24.9900;2008-07-24 00:00:00.000
859;74888;1;24.4900;2008-07-24 00:00:00.000
928;74889;1;24.9900;2008-07-24 00:00:00.000
933;74890;1;32.6000;2008-07-24 00:00:00.000
922;74890;1;3.9900;2008-07-24 00:00:00.000
708;74890;1;34.9900;2008-07-24 00:00:00.000
929;74891;1;29.9900;2008-07-24 00:00:00.000
873;74891;1;2.2900;2008-07-24 00:00:00.000
871;74892;1;9.9900;2008-07-24 00:00:00.000
712;74892;1;8.9900;2008-07-24 00:00:00.000
870;74892;1;4.9900;2008-07-24 00:00:00.000
867;74893;1;69.9900;2008-07-24 00:00:00.000
713;74893;1;49.9900;2008-07-24 00:00:00.000
712;74893;1;8.9900;2008-07-24 00:00:00.000
868;74894;1;69.9900;2008-07-24 00:00:00.000
867;74895;1;69.9900;2008-07-24 00:00:00.000
867;74896;1;69.9900;2008-07-24 00:00:00.000
870;74897;1;4.9900;2008-07-24 00:00:00.000
712;74897;1;8.9900;2008-07-24 00:00:00.000
868;74898;1;69.9900;2008-07-24 00:00:00.000
712;74898;1;8.9900;2008-07-24 00:00:00.000
921;74899;1;4.9900;2008-07-24 00:00:00.000
873;74899;1;2.2900;2008-07-24 00:00:00.000
933;74900;1;32.6000;2008-07-24 00:00:00.000
922;74900;1;3.9900;2008-07-24 00:00:00.000
865;74900;1;63.5000;2008-07-24 00:00:00.000
929;74901;1;29.9900;2008-07-24 00:00:00.000
874;74901;1;8.9900;2008-07-24 00:00:00.000
929;74902;1;29.9900;2008-07-24 00:00:00.000
873;74902;1;2.2900;2008-07-24 00:00:00.000
922;74903;1;3.9900;2008-07-24 00:00:00.000
711;74903;1;34.9900;2008-07-24 00:00:00.000
870;74904;1;4.9900;2008-07-24 00:00:00.000
931;74905;1;21.4900;2008-07-24 00:00:00.000
873;74905;1;2.2900;2008-07-24 00:00:00.000
934;74906;1;28.9900;2008-07-24 00:00:00.000
923;74906;1;4.9900;2008-07-24 00:00:00.000
923;74907;1;4.9900;2008-07-24 00:00:00.000
934;74907;1;28.9900;2008-07-24 00:00:00.000
711;74907;1;34.9900;2008-07-24 00:00:00.000
930;74908;1;35.0000;2008-07-24 00:00:00.000
921;74908;1;4.9900;2008-07-24 00:00:00.000
711;74908;1;34.9900;2008-07-24 00:00:00.000
930;74909;1;35.0000;2008-07-24 00:00:00.000
921;74909;1;4.9900;2008-07-24 00:00:00.000
708;74909;1;34.9900;2008-07-24 00:00:00.000
866;74909;1;63.5000;2008-07-24 00:00:00.000
930;74910;1;35.0000;2008-07-24 00:00:00.000
873;74910;1;2.2900;2008-07-24 00:00:00.000
878;74911;1;21.9800;2008-07-24 00:00:00.000
877;74911;1;7.9500;2008-07-24 00:00:00.000
878;74912;1;21.9800;2008-07-24 00:00:00.000
873;74912;1;2.2900;2008-07-24 00:00:00.000
877;74913;1;7.9500;2008-07-25 00:00:00.000
922;74914;1;3.9900;2008-07-25 00:00:00.000
932;74914;1;24.9900;2008-07-25 00:00:00.000
881;74914;1;53.9900;2008-07-25 00:00:00.000
712;74914;1;8.9900;2008-07-25 00:00:00.000
930;74915;1;35.0000;2008-07-25 00:00:00.000
921;74915;1;4.9900;2008-07-25 00:00:00.000
878;74915;1;21.9800;2008-07-25 00:00:00.000
711;74915;1;34.9900;2008-07-25 00:00:00.000
858;74915;1;24.4900;2008-07-25 00:00:00.000
870;74916;1;4.9900;2008-07-25 00:00:00.000
712;74916;1;8.9900;2008-07-25 00:00:00.000
881;74917;1;53.9900;2008-07-25 00:00:00.000
712;74918;1;8.9900;2008-07-25 00:00:00.000
711;74919;1;34.9900;2008-07-25 00:00:00.000
932;74920;1;24.9900;2008-07-25 00:00:00.000
922;74920;1;3.9900;2008-07-25 00:00:00.000
708;74920;1;34.9900;2008-07-25 00:00:00.000
874;74920;1;8.9900;2008-07-25 00:00:00.000
922;74921;1;3.9900;2008-07-25 00:00:00.000
932;74921;1;24.9900;2008-07-25 00:00:00.000
873;74921;1;2.2900;2008-07-25 00:00:00.000
928;74922;1;24.9900;2008-07-25 00:00:00.000
934;74923;1;28.9900;2008-07-25 00:00:00.000
923;74923;1;4.9900;2008-07-25 00:00:00.000
707;74923;1;34.9900;2008-07-25 00:00:00.000
933;74924;1;32.6000;2008-07-25 00:00:00.000
934;74925;1;28.9900;2008-07-25 00:00:00.000
923;74925;1;4.9900;2008-07-25 00:00:00.000
707;74925;1;34.9900;2008-07-25 00:00:00.000
929;74926;1;29.9900;2008-07-25 00:00:00.000
865;74926;1;63.5000;2008-07-25 00:00:00.000
921;74927;1;4.9900;2008-07-25 00:00:00.000
929;74927;1;29.9900;2008-07-25 00:00:00.000
877;74927;1;7.9500;2008-07-25 00:00:00.000
929;74928;1;29.9900;2008-07-25 00:00:00.000
921;74928;1;4.9900;2008-07-25 00:00:00.000
871;74929;1;9.9900;2008-07-25 00:00:00.000
870;74929;1;4.9900;2008-07-25 00:00:00.000
707;74929;1;34.9900;2008-07-25 00:00:00.000
867;74930;1;69.9900;2008-07-25 00:00:00.000
870;74931;1;4.9900;2008-07-25 00:00:00.000
880;74931;1;54.9900;2008-07-25 00:00:00.000
870;74932;1;4.9900;2008-07-25 00:00:00.000
707;74932;1;34.9900;2008-07-25 00:00:00.000
712;74932;1;8.9900;2008-07-25 00:00:00.000
714;74932;1;49.9900;2008-07-25 00:00:00.000
929;74933;1;29.9900;2008-07-25 00:00:00.000
921;74933;1;4.9900;2008-07-25 00:00:00.000
878;74933;1;21.9800;2008-07-25 00:00:00.000
934;74934;1;28.9900;2008-07-25 00:00:00.000
923;74934;1;4.9900;2008-07-25 00:00:00.000
707;74934;1;34.9900;2008-07-25 00:00:00.000
930;74935;1;35.0000;2008-07-25 00:00:00.000
878;74936;1;21.9800;2008-07-25 00:00:00.000
708;74936;1;34.9900;2008-07-25 00:00:00.000
713;74936;1;49.9900;2008-07-25 00:00:00.000
878;74937;1;21.9800;2008-07-26 00:00:00.000
882;74937;1;53.9900;2008-07-26 00:00:00.000
921;74938;1;4.9900;2008-07-26 00:00:00.000
877;74938;1;7.9500;2008-07-26 00:00:00.000
922;74939;1;3.9900;2008-07-26 00:00:00.000
879;74939;1;159.0000;2008-07-26 00:00:00.000
883;74940;1;53.9900;2008-07-26 00:00:00.000
714;74941;1;49.9900;2008-07-26 00:00:00.000
932;74942;1;24.9900;2008-07-26 00:00:00.000
922;74942;1;3.9900;2008-07-26 00:00:00.000
712;74942;1;8.9900;2008-07-26 00:00:00.000
934;74943;1;28.9900;2008-07-26 00:00:00.000
923;74943;1;4.9900;2008-07-26 00:00:00.000
711;74943;1;34.9900;2008-07-26 00:00:00.000
922;74944;1;3.9900;2008-07-26 00:00:00.000
932;74944;1;24.9900;2008-07-26 00:00:00.000
707;74944;1;34.9900;2008-07-26 00:00:00.000
882;74944;1;53.9900;2008-07-26 00:00:00.000
712;74944;1;8.9900;2008-07-26 00:00:00.000
923;74945;1;4.9900;2008-07-26 00:00:00.000
934;74945;1;28.9900;2008-07-26 00:00:00.000
873;74945;1;2.2900;2008-07-26 00:00:00.000
934;74946;1;28.9900;2008-07-26 00:00:00.000
923;74946;1;4.9900;2008-07-26 00:00:00.000
711;74946;1;34.9900;2008-07-26 00:00:00.000
716;74946;1;49.9900;2008-07-26 00:00:00.000
922;74947;1;3.9900;2008-07-26 00:00:00.000
933;74947;1;32.6000;2008-07-26 00:00:00.000
873;74947;1;2.2900;2008-07-26 00:00:00.000
929;74948;1;29.9900;2008-07-26 00:00:00.000
921;74948;1;4.9900;2008-07-26 00:00:00.000
929;74949;1;29.9900;2008-07-26 00:00:00.000
921;74949;1;4.9900;2008-07-26 00:00:00.000
708;74949;1;34.9900;2008-07-26 00:00:00.000
871;74950;1;9.9900;2008-07-26 00:00:00.000
870;74950;1;4.9900;2008-07-26 00:00:00.000
711;74950;1;34.9900;2008-07-26 00:00:00.000
859;74950;1;24.4900;2008-07-26 00:00:00.000
871;74951;1;9.9900;2008-07-26 00:00:00.000
871;74952;1;9.9900;2008-07-26 00:00:00.000
871;74953;1;9.9900;2008-07-26 00:00:00.000
870;74953;1;4.9900;2008-07-26 00:00:00.000
708;74953;1;34.9900;2008-07-26 00:00:00.000
867;74954;1;69.9900;2008-07-26 00:00:00.000
716;74954;1;49.9900;2008-07-26 00:00:00.000
870;74955;1;4.9900;2008-07-26 00:00:00.000
870;74956;1;4.9900;2008-07-26 00:00:00.000
921;74957;1;4.9900;2008-07-26 00:00:00.000
873;74957;1;2.2900;2008-07-26 00:00:00.000
870;74958;1;4.9900;2008-07-26 00:00:00.000
921;74959;1;4.9900;2008-07-26 00:00:00.000
871;74959;1;9.9900;2008-07-26 00:00:00.000
870;74959;1;4.9900;2008-07-26 00:00:00.000
707;74959;1;34.9900;2008-07-26 00:00:00.000
921;74960;1;4.9900;2008-07-26 00:00:00.000
878;74960;1;21.9800;2008-07-26 00:00:00.000
879;74960;1;159.0000;2008-07-26 00:00:00.000
878;74961;1;21.9800;2008-07-26 00:00:00.000
921;74962;1;4.9900;2008-07-26 00:00:00.000
878;74962;1;21.9800;2008-07-26 00:00:00.000
711;74962;1;34.9900;2008-07-26 00:00:00.000
878;74963;1;21.9800;2008-07-26 00:00:00.000
932;74964;1;24.9900;2008-07-26 00:00:00.000
922;74964;1;3.9900;2008-07-26 00:00:00.000
707;74964;1;34.9900;2008-07-26 00:00:00.000
931;74965;1;21.4900;2008-07-26 00:00:00.000
922;74965;1;3.9900;2008-07-26 00:00:00.000
873;74965;1;2.2900;2008-07-26 00:00:00.000
930;74966;1;35.0000;2008-07-26 00:00:00.000
921;74966;1;4.9900;2008-07-26 00:00:00.000
930;74967;1;35.0000;2008-07-26 00:00:00.000
878;74967;1;21.9800;2008-07-26 00:00:00.000
711;74967;1;34.9900;2008-07-26 00:00:00.000
878;74968;1;21.9800;2008-07-26 00:00:00.000
714;74968;1;49.9900;2008-07-26 00:00:00.000
921;74969;1;4.9900;2008-07-27 00:00:00.000
929;74969;1;29.9900;2008-07-27 00:00:00.000
708;74969;1;34.9900;2008-07-27 00:00:00.000
922;74970;1;3.9900;2008-07-27 00:00:00.000
931;74970;1;21.4900;2008-07-27 00:00:00.000
931;74971;1;21.4900;2008-07-27 00:00:00.000
867;74972;1;69.9900;2008-07-27 00:00:00.000
869;74973;1;69.9900;2008-07-27 00:00:00.000
712;74973;1;8.9900;2008-07-27 00:00:00.000
707;74974;1;34.9900;2008-07-27 00:00:00.000
922;74975;1;3.9900;2008-07-27 00:00:00.000
708;74975;1;34.9900;2008-07-27 00:00:00.000
922;74976;1;3.9900;2008-07-27 00:00:00.000
711;74976;1;34.9900;2008-07-27 00:00:00.000
858;74976;1;24.4900;2008-07-27 00:00:00.000
922;74977;1;3.9900;2008-07-27 00:00:00.000
711;74977;1;34.9900;2008-07-27 00:00:00.000
716;74977;1;49.9900;2008-07-27 00:00:00.000
712;74977;1;8.9900;2008-07-27 00:00:00.000
873;74978;1;2.2900;2008-07-27 00:00:00.000
922;74979;1;3.9900;2008-07-27 00:00:00.000
931;74979;1;21.4900;2008-07-27 00:00:00.000
711;74979;1;34.9900;2008-07-27 00:00:00.000
860;74979;1;24.4900;2008-07-27 00:00:00.000
922;74980;1;3.9900;2008-07-27 00:00:00.000
931;74980;1;21.4900;2008-07-27 00:00:00.000
865;74980;1;63.5000;2008-07-27 00:00:00.000
928;74981;1;24.9900;2008-07-27 00:00:00.000
873;74981;1;2.2900;2008-07-27 00:00:00.000
928;74982;1;24.9900;2008-07-27 00:00:00.000
921;74982;1;4.9900;2008-07-27 00:00:00.000
715;74982;1;49.9900;2008-07-27 00:00:00.000
871;74983;1;9.9900;2008-07-27 00:00:00.000
870;74983;1;4.9900;2008-07-27 00:00:00.000
711;74983;1;34.9900;2008-07-27 00:00:00.000
868;74984;1;69.9900;2008-07-27 00:00:00.000
860;74984;1;24.4900;2008-07-27 00:00:00.000
870;74985;1;4.9900;2008-07-27 00:00:00.000
921;74986;1;4.9900;2008-07-27 00:00:00.000
707;74986;1;34.9900;2008-07-27 00:00:00.000
921;74987;1;4.9900;2008-07-27 00:00:00.000
707;74987;1;34.9900;2008-07-27 00:00:00.000
860;74987;1;24.4900;2008-07-27 00:00:00.000
878;74988;1;21.9800;2008-07-27 00:00:00.000
712;74988;1;8.9900;2008-07-27 00:00:00.000
713;74988;1;49.9900;2008-07-27 00:00:00.000
878;74989;1;21.9800;2008-07-27 00:00:00.000
873;74989;1;2.2900;2008-07-27 00:00:00.000
878;74990;1;21.9800;2008-07-27 00:00:00.000
859;74990;1;24.4900;2008-07-27 00:00:00.000
933;74991;1;32.6000;2008-07-27 00:00:00.000
865;74991;1;63.5000;2008-07-27 00:00:00.000
922;74991;1;3.9900;2008-07-27 00:00:00.000
932;74992;1;24.9900;2008-07-27 00:00:00.000
922;74992;1;3.9900;2008-07-27 00:00:00.000
711;74992;1;34.9900;2008-07-27 00:00:00.000
870;74993;1;4.9900;2008-07-27 00:00:00.000
934;74994;1;28.9900;2008-07-27 00:00:00.000
923;74994;1;4.9900;2008-07-27 00:00:00.000
858;74994;1;24.4900;2008-07-27 00:00:00.000
931;74995;1;21.4900;2008-07-27 00:00:00.000
923;74996;1;4.9900;2008-07-27 00:00:00.000
934;74996;1;28.9900;2008-07-27 00:00:00.000
923;74997;1;4.9900;2008-07-27 00:00:00.000
860;74997;1;24.4900;2008-07-27 00:00:00.000
931;74998;1;21.4900;2008-07-28 00:00:00.000
873;74998;1;2.2900;2008-07-28 00:00:00.000
870;74999;1;4.9900;2008-07-28 00:00:00.000
716;74999;1;49.9900;2008-07-28 00:00:00.000
923;75000;1;4.9900;2008-07-28 00:00:00.000
873;75000;1;2.2900;2008-07-28 00:00:00.000
871;75001;1;9.9900;2008-07-28 00:00:00.000
870;75001;1;4.9900;2008-07-28 00:00:00.000
708;75001;1;34.9900;2008-07-28 00:00:00.000
884;75001;1;53.9900;2008-07-28 00:00:00.000
707;75002;1;34.9900;2008-07-28 00:00:00.000
716;75003;1;49.9900;2008-07-28 00:00:00.000
922;75004;1;3.9900;2008-07-28 00:00:00.000
707;75004;1;34.9900;2008-07-28 00:00:00.000
922;75005;1;3.9900;2008-07-28 00:00:00.000
931;75005;1;21.4900;2008-07-28 00:00:00.000
873;75005;1;2.2900;2008-07-28 00:00:00.000
934;75006;1;28.9900;2008-07-28 00:00:00.000
923;75006;1;4.9900;2008-07-28 00:00:00.000
872;75006;1;8.9900;2008-07-28 00:00:00.000
870;75006;1;4.9900;2008-07-28 00:00:00.000
880;75006;1;54.9900;2008-07-28 00:00:00.000
928;75007;1;24.9900;2008-07-28 00:00:00.000
873;75007;1;2.2900;2008-07-28 00:00:00.000
921;75008;1;4.9900;2008-07-28 00:00:00.000
928;75008;1;24.9900;2008-07-28 00:00:00.000
708;75008;1;34.9900;2008-07-28 00:00:00.000
922;75009;1;3.9900;2008-07-28 00:00:00.000
933;75009;1;32.6000;2008-07-28 00:00:00.000
707;75009;1;34.9900;2008-07-28 00:00:00.000
929;75010;1;29.9900;2008-07-28 00:00:00.000
929;75011;1;29.9900;2008-07-28 00:00:00.000
870;75012;1;4.9900;2008-07-28 00:00:00.000
868;75013;1;69.9900;2008-07-28 00:00:00.000
884;75013;1;53.9900;2008-07-28 00:00:00.000
921;75014;1;4.9900;2008-07-28 00:00:00.000
878;75014;1;21.9800;2008-07-28 00:00:00.000
871;75014;1;9.9900;2008-07-28 00:00:00.000
921;75015;1;4.9900;2008-07-28 00:00:00.000
708;75015;1;34.9900;2008-07-28 00:00:00.000
878;75016;1;21.9800;2008-07-28 00:00:00.000
871;75016;1;9.9900;2008-07-28 00:00:00.000
870;75016;1;4.9900;2008-07-28 00:00:00.000
707;75016;1;34.9900;2008-07-28 00:00:00.000
921;75017;1;4.9900;2008-07-28 00:00:00.000
928;75017;1;24.9900;2008-07-28 00:00:00.000
708;75017;1;34.9900;2008-07-28 00:00:00.000
930;75018;1;35.0000;2008-07-28 00:00:00.000
873;75018;1;2.2900;2008-07-28 00:00:00.000
878;75019;1;21.9800;2008-07-28 00:00:00.000
871;75019;1;9.9900;2008-07-28 00:00:00.000
870;75019;1;4.9900;2008-07-28 00:00:00.000
707;75019;1;34.9900;2008-07-28 00:00:00.000
929;75020;1;29.9900;2008-07-28 00:00:00.000
921;75020;1;4.9900;2008-07-28 00:00:00.000
707;75020;1;34.9900;2008-07-28 00:00:00.000
712;75020;1;8.9900;2008-07-28 00:00:00.000
870;75021;1;4.9900;2008-07-28 00:00:00.000
711;75021;1;34.9900;2008-07-28 00:00:00.000
929;75022;1;29.9900;2008-07-28 00:00:00.000
878;75022;1;21.9800;2008-07-28 00:00:00.000
876;75022;1;120.0000;2008-07-28 00:00:00.000
715;75022;1;49.9900;2008-07-28 00:00:00.000
859;75022;1;24.4900;2008-07-28 00:00:00.000
921;75023;1;4.9900;2008-07-28 00:00:00.000
929;75023;1;29.9900;2008-07-28 00:00:00.000
873;75023;1;2.2900;2008-07-28 00:00:00.000
870;75024;1;4.9900;2008-07-28 00:00:00.000
858;75024;1;24.4900;2008-07-28 00:00:00.000
712;75025;1;8.9900;2008-07-28 00:00:00.000
923;75025;1;4.9900;2008-07-28 00:00:00.000
922;75026;1;3.9900;2008-07-28 00:00:00.000
931;75026;1;21.4900;2008-07-28 00:00:00.000
923;75027;1;4.9900;2008-07-28 00:00:00.000
873;75027;1;2.2900;2008-07-28 00:00:00.000
934;75028;1;28.9900;2008-07-28 00:00:00.000
923;75028;1;4.9900;2008-07-28 00:00:00.000
873;75028;1;2.2900;2008-07-28 00:00:00.000
930;75029;1;35.0000;2008-07-28 00:00:00.000
921;75029;1;4.9900;2008-07-28 00:00:00.000
878;75029;1;21.9800;2008-07-28 00:00:00.000
714;75029;1;49.9900;2008-07-28 00:00:00.000
928;75030;1;24.9900;2008-07-29 00:00:00.000
870;75031;1;4.9900;2008-07-29 00:00:00.000
873;75031;1;2.2900;2008-07-29 00:00:00.000
921;75032;1;4.9900;2008-07-29 00:00:00.000
873;75032;1;2.2900;2008-07-29 00:00:00.000
922;75033;1;3.9900;2008-07-29 00:00:00.000
707;75033;1;34.9900;2008-07-29 00:00:00.000
877;75034;1;7.9500;2008-07-29 00:00:00.000
712;75035;1;8.9900;2008-07-29 00:00:00.000
712;75036;1;8.9900;2008-07-29 00:00:00.000
882;75036;1;53.9900;2008-07-29 00:00:00.000
922;75037;1;3.9900;2008-07-29 00:00:00.000
922;75038;1;3.9900;2008-07-29 00:00:00.000
931;75038;1;21.4900;2008-07-29 00:00:00.000
882;75038;1;53.9900;2008-07-29 00:00:00.000
928;75039;1;24.9900;2008-07-29 00:00:00.000
873;75039;1;2.2900;2008-07-29 00:00:00.000
933;75040;1;32.6000;2008-07-29 00:00:00.000
922;75040;1;3.9900;2008-07-29 00:00:00.000
873;75040;1;2.2900;2008-07-29 00:00:00.000
929;75041;1;29.9900;2008-07-29 00:00:00.000
873;75041;1;2.2900;2008-07-29 00:00:00.000
876;75041;1;120.0000;2008-07-29 00:00:00.000
871;75042;1;9.9900;2008-07-29 00:00:00.000
870;75042;1;4.9900;2008-07-29 00:00:00.000
708;75042;1;34.9900;2008-07-29 00:00:00.000
868;75043;1;69.9900;2008-07-29 00:00:00.000
871;75044;1;9.9900;2008-07-29 00:00:00.000
870;75044;1;4.9900;2008-07-29 00:00:00.000
868;75045;1;69.9900;2008-07-29 00:00:00.000
884;75045;1;53.9900;2008-07-29 00:00:00.000
867;75046;1;69.9900;2008-07-29 00:00:00.000
870;75047;1;4.9900;2008-07-29 00:00:00.000
708;75047;1;34.9900;2008-07-29 00:00:00.000
867;75048;1;69.9900;2008-07-29 00:00:00.000
883;75048;1;53.9900;2008-07-29 00:00:00.000
712;75048;1;8.9900;2008-07-29 00:00:00.000
921;75049;1;4.9900;2008-07-29 00:00:00.000
873;75049;1;2.2900;2008-07-29 00:00:00.000
877;75049;1;7.9500;2008-07-29 00:00:00.000
921;75050;1;4.9900;2008-07-29 00:00:00.000
873;75050;1;2.2900;2008-07-29 00:00:00.000
921;75051;1;4.9900;2008-07-29 00:00:00.000
921;75052;1;4.9900;2008-07-29 00:00:00.000
928;75052;1;24.9900;2008-07-29 00:00:00.000
876;75052;1;120.0000;2008-07-29 00:00:00.000
878;75053;1;21.9800;2008-07-29 00:00:00.000
870;75053;1;4.9900;2008-07-29 00:00:00.000
871;75053;1;9.9900;2008-07-29 00:00:00.000
928;75054;1;24.9900;2008-07-29 00:00:00.000
860;75054;1;24.4900;2008-07-29 00:00:00.000
922;75055;1;3.9900;2008-07-29 00:00:00.000
932;75055;1;24.9900;2008-07-29 00:00:00.000
876;75055;1;120.0000;2008-07-29 00:00:00.000
882;75056;1;53.9900;2008-07-29 00:00:00.000
931;75057;1;21.4900;2008-07-29 00:00:00.000
922;75057;1;3.9900;2008-07-29 00:00:00.000
708;75057;1;34.9900;2008-07-29 00:00:00.000
923;75058;1;4.9900;2008-07-29 00:00:00.000
708;75058;1;34.9900;2008-07-29 00:00:00.000
884;75058;1;53.9900;2008-07-29 00:00:00.000
878;75059;1;21.9800;2008-07-29 00:00:00.000
870;75059;1;4.9900;2008-07-29 00:00:00.000
871;75059;1;9.9900;2008-07-29 00:00:00.000
708;75059;1;34.9900;2008-07-29 00:00:00.000
713;75059;1;49.9900;2008-07-29 00:00:00.000
878;75060;1;21.9800;2008-07-29 00:00:00.000
876;75060;1;120.0000;2008-07-29 00:00:00.000
932;75061;1;24.9900;2008-07-30 00:00:00.000
922;75061;1;3.9900;2008-07-30 00:00:00.000
711;75061;1;34.9900;2008-07-30 00:00:00.000
860;75061;1;24.4900;2008-07-30 00:00:00.000
931;75062;1;21.4900;2008-07-30 00:00:00.000
931;75063;1;21.4900;2008-07-30 00:00:00.000
922;75063;1;3.9900;2008-07-30 00:00:00.000
708;75063;1;34.9900;2008-07-30 00:00:00.000
882;75063;1;53.9900;2008-07-30 00:00:00.000
922;75064;1;3.9900;2008-07-30 00:00:00.000
875;75064;1;8.9900;2008-07-30 00:00:00.000
880;75064;1;54.9900;2008-07-30 00:00:00.000
933;75065;1;32.6000;2008-07-30 00:00:00.000
922;75066;1;3.9900;2008-07-30 00:00:00.000
932;75066;1;24.9900;2008-07-30 00:00:00.000
864;75066;1;63.5000;2008-07-30 00:00:00.000
931;75067;1;21.4900;2008-07-30 00:00:00.000
873;75067;1;2.2900;2008-07-30 00:00:00.000
922;75068;1;3.9900;2008-07-30 00:00:00.000
931;75068;1;21.4900;2008-07-30 00:00:00.000
711;75068;1;34.9900;2008-07-30 00:00:00.000
923;75069;1;4.9900;2008-07-30 00:00:00.000
708;75069;1;34.9900;2008-07-30 00:00:00.000
714;75069;1;49.9900;2008-07-30 00:00:00.000
712;75069;1;8.9900;2008-07-30 00:00:00.000
928;75070;1;24.9900;2008-07-30 00:00:00.000
921;75071;1;4.9900;2008-07-30 00:00:00.000
928;75071;1;24.9900;2008-07-30 00:00:00.000
873;75071;1;2.2900;2008-07-30 00:00:00.000
922;75072;1;3.9900;2008-07-30 00:00:00.000
933;75072;1;32.6000;2008-07-30 00:00:00.000
928;75073;1;24.9900;2008-07-30 00:00:00.000
873;75073;1;2.2900;2008-07-30 00:00:00.000
922;75074;1;3.9900;2008-07-30 00:00:00.000
933;75074;1;32.6000;2008-07-30 00:00:00.000
711;75074;1;34.9900;2008-07-30 00:00:00.000
929;75075;1;29.9900;2008-07-30 00:00:00.000
921;75075;1;4.9900;2008-07-30 00:00:00.000
711;75075;1;34.9900;2008-07-30 00:00:00.000
714;75075;1;49.9900;2008-07-30 00:00:00.000
871;75076;1;9.9900;2008-07-30 00:00:00.000
860;75076;1;24.4900;2008-07-30 00:00:00.000
870;75076;1;4.9900;2008-07-30 00:00:00.000
871;75077;1;9.9900;2008-07-30 00:00:00.000
870;75077;1;4.9900;2008-07-30 00:00:00.000
880;75077;1;54.9900;2008-07-30 00:00:00.000
877;75077;1;7.9500;2008-07-30 00:00:00.000
871;75078;1;9.9900;2008-07-30 00:00:00.000
870;75078;1;4.9900;2008-07-30 00:00:00.000
716;75078;1;49.9900;2008-07-30 00:00:00.000
712;75078;1;8.9900;2008-07-30 00:00:00.000
870;75079;1;4.9900;2008-07-30 00:00:00.000
865;75079;1;63.5000;2008-07-30 00:00:00.000
865;75080;1;63.5000;2008-07-30 00:00:00.000
869;75080;1;69.9900;2008-07-30 00:00:00.000
878;75081;1;21.9800;2008-07-30 00:00:00.000
880;75081;1;54.9900;2008-07-30 00:00:00.000
922;75082;1;3.9900;2008-07-30 00:00:00.000
713;75082;1;49.9900;2008-07-30 00:00:00.000
921;75083;1;4.9900;2008-07-30 00:00:00.000
930;75083;1;35.0000;2008-07-30 00:00:00.000
876;75084;1;120.0000;2008-07-31 00:00:00.000
712;75085;1;8.9900;2008-07-31 00:00:00.000
877;75085;1;7.9500;2008-07-31 00:00:00.000
877;75086;1;7.9500;2008-07-31 00:00:00.000
707;75087;1;34.9900;2008-07-31 00:00:00.000
922;75088;1;3.9900;2008-07-31 00:00:00.000
932;75088;1;24.9900;2008-07-31 00:00:00.000
711;75088;1;34.9900;2008-07-31 00:00:00.000
713;75088;1;49.9900;2008-07-31 00:00:00.000
931;75089;1;21.4900;2008-07-31 00:00:00.000
922;75089;1;3.9900;2008-07-31 00:00:00.000
711;75089;1;34.9900;2008-07-31 00:00:00.000
921;75090;1;4.9900;2008-07-31 00:00:00.000
930;75090;1;35.0000;2008-07-31 00:00:00.000
708;75090;1;34.9900;2008-07-31 00:00:00.000
931;75091;1;21.4900;2008-07-31 00:00:00.000
922;75091;1;3.9900;2008-07-31 00:00:00.000
880;75091;1;54.9900;2008-07-31 00:00:00.000
931;75092;1;21.4900;2008-07-31 00:00:00.000
859;75092;1;24.4900;2008-07-31 00:00:00.000
922;75092;1;3.9900;2008-07-31 00:00:00.000
922;75093;1;3.9900;2008-07-31 00:00:00.000
933;75093;1;32.6000;2008-07-31 00:00:00.000
876;75093;1;120.0000;2008-07-31 00:00:00.000
877;75094;1;7.9500;2008-07-31 00:00:00.000
881;75095;1;53.9900;2008-07-31 00:00:00.000
922;75096;1;3.9900;2008-07-31 00:00:00.000
711;75096;1;34.9900;2008-07-31 00:00:00.000
716;75096;1;49.9900;2008-07-31 00:00:00.000
871;75097;1;9.9900;2008-07-31 00:00:00.000
708;75097;1;34.9900;2008-07-31 00:00:00.000
921;75098;1;4.9900;2008-07-31 00:00:00.000
929;75098;1;29.9900;2008-07-31 00:00:00.000
873;75098;1;2.2900;2008-07-31 00:00:00.000
871;75099;1;9.9900;2008-07-31 00:00:00.000
880;75099;1;54.9900;2008-07-31 00:00:00.000
877;75099;1;7.9500;2008-07-31 00:00:00.000
871;75100;1;9.9900;2008-07-31 00:00:00.000
870;75100;1;4.9900;2008-07-31 00:00:00.000
866;75100;1;63.5000;2008-07-31 00:00:00.000
867;75101;1;69.9900;2008-07-31 00:00:00.000
866;75101;1;63.5000;2008-07-31 00:00:00.000
869;75102;1;69.9900;2008-07-31 00:00:00.000
715;75102;1;49.9900;2008-07-31 00:00:00.000
870;75103;1;4.9900;2008-07-31 00:00:00.000
708;75103;1;34.9900;2008-07-31 00:00:00.000
870;75104;1;4.9900;2008-07-31 00:00:00.000
877;75104;1;7.9500;2008-07-31 00:00:00.000
921;75105;1;4.9900;2008-07-31 00:00:00.000
707;75105;1;34.9900;2008-07-31 00:00:00.000
712;75105;1;8.9900;2008-07-31 00:00:00.000
715;75105;1;49.9900;2008-07-31 00:00:00.000
921;75106;1;4.9900;2008-07-31 00:00:00.000
873;75106;1;2.2900;2008-07-31 00:00:00.000
878;75107;1;21.9800;2008-07-31 00:00:00.000
708;75107;1;34.9900;2008-07-31 00:00:00.000
921;75108;1;4.9900;2008-07-31 00:00:00.000
878;75109;1;21.9800;2008-07-31 00:00:00.000
864;75109;1;63.5000;2008-07-31 00:00:00.000
878;75110;1;21.9800;2008-07-31 00:00:00.000
880;75110;1;54.9900;2008-07-31 00:00:00.000
877;75110;1;7.9500;2008-07-31 00:00:00.000
921;75111;1;4.9900;2008-07-31 00:00:00.000
708;75111;1;34.9900;2008-07-31 00:00:00.000
712;75111;1;8.9900;2008-07-31 00:00:00.000
929;75112;1;29.9900;2008-07-31 00:00:00.000
874;75112;1;8.9900;2008-07-31 00:00:00.000
928;75113;1;24.9900;2008-07-31 00:00:00.000
921;75113;1;4.9900;2008-07-31 00:00:00.000
711;75113;1;34.9900;2008-07-31 00:00:00.000
714;75113;1;49.9900;2008-07-31 00:00:00.000
931;75114;1;21.4900;2008-07-31 00:00:00.000
931;75115;1;21.4900;2008-07-31 00:00:00.000
922;75115;1;3.9900;2008-07-31 00:00:00.000
880;75115;1;54.9900;2008-07-31 00:00:00.000
923;75116;1;4.9900;2008-07-31 00:00:00.000
923;75117;1;4.9900;2008-07-31 00:00:00.000
860;75117;1;24.4900;2008-07-31 00:00:00.000
923;75118;1;4.9900;2008-07-31 00:00:00.000
873;75118;1;2.2900;2008-07-31 00:00:00.000
877;75118;1;7.9500;2008-07-31 00:00:00.000
876;75118;1;120.0000;2008-07-31 00:00:00.000
921;75119;1;4.9900;2008-07-31 00:00:00.000
930;75119;1;35.0000;2008-07-31 00:00:00.000
873;75119;1;2.2900;2008-07-31 00:00:00.000
878;75120;1;21.9800;2008-07-31 00:00:00.000
884;75120;1;53.9900;2008-07-31 00:00:00.000
712;75120;1;8.9900;2008-07-31 00:00:00.000
921;75121;1;4.9900;2008-07-31 00:00:00.000
930;75121;1;35.0000;2008-07-31 00:00:00.000
707;75121;1;34.9900;2008-07-31 00:00:00.000
878;75122;1;21.9800;2008-07-31 00:00:00.000
712;75122;1;8.9900;2008-07-31 00:00:00.000
878;75123;1;21.9800;2008-07-31 00:00:00.000
879;75123;1;159.0000;2008-07-31 00:00:00.000
712;75123;1;8.9900;2008-07-31 00:00:00.000
